id,db_id,hardness,question,gold_sql,pred_sql,exact_match,exec_match,exec_error,primary_error,error_labels,analysis
dev_00005,concert_singer,medium,"What is the average, minimum, and maximum age for all French singers?","SELECT avg(age) ,  min(age) ,  max(age) FROM singer WHERE country  =  'France'","SELECT avg(Age), min(Age), max(Age) FROM singer WHERE Is_male = 'value'",False,False,,wrong_column,wrong_column|where_error,missing columns: singer.Country; extra columns: singer.Is_male; WHERE conditions differ (operators / conjunctions / count)
dev_00006,concert_singer,medium,Show the name and the release year of the song by the youngest singer.,"SELECT song_name ,  song_release_year FROM singer ORDER BY age LIMIT 1","SELECT Name, Song_release_year FROM singer ORDER BY Age ASC LIMIT 1",False,False,,schema_linking_error,schema_linking_error|wrong_column,used linked but wrong element(s): singer.Name; missing columns: singer.Song_Name; extra columns: singer.Name
dev_00016,concert_singer,medium,What is the maximum capacity and the average of all stadiums ?,"select max(capacity), average from stadium","SELECT max(Capacity), avg(Average) FROM stadium",False,False,,aggregation_error,aggregation_error,aggregation functions differ
dev_00018,concert_singer,medium,What is the name and capacity for the stadium with highest average attendance?,"SELECT name ,  capacity FROM stadium ORDER BY average DESC LIMIT 1","SELECT Name, Capacity FROM stadium GROUP BY Stadium_ID ORDER BY avg(Average) DESC LIMIT 1",False,True,,wrong_column,wrong_column|group_by_error|order_by_error,"extra columns: stadium.Stadium_ID; GROUP BY / HAVING differs; ORDER BY differs (gold ('desc', [(0, (0, 7, False), None)]) limit=1; pred ('desc', [(0, (5, 7, False), None)]) limit=1)"
dev_00019,concert_singer,medium,What is the name and capacity for the stadium with the highest average attendance?,"SELECT name ,  capacity FROM stadium ORDER BY average DESC LIMIT 1","SELECT Name, Capacity FROM stadium GROUP BY Stadium_ID ORDER BY avg(Average) DESC LIMIT 1",False,True,,wrong_column,wrong_column|group_by_error|order_by_error,"extra columns: stadium.Stadium_ID; GROUP BY / HAVING differs; ORDER BY differs (gold ('desc', [(0, (0, 7, False), None)]) limit=1; pred ('desc', [(0, (5, 7, False), None)]) limit=1)"
dev_00023,concert_singer,medium,"For each stadium, how many concerts play there?","SELECT T2.name ,  count(*) FROM concert AS T1 JOIN stadium AS T2 ON T1.stadium_id  =  T2.stadium_id GROUP BY T1.stadium_id","SELECT T2.Stadium_ID, count(*) FROM stadium AS T1 JOIN concert AS T2 ON T1.Stadium_ID = T2.Stadium_ID GROUP BY T1.Stadium_ID",False,False,,wrong_column,wrong_column,missing columns: stadium.Name; extra columns: stadium.Stadium_ID
dev_00031,concert_singer,hard,Show names for all stadiums except for stadiums having a concert in year 2014.,SELECT name FROM stadium EXCEPT SELECT T2.name FROM concert AS T1 JOIN stadium AS T2 ON T1.stadium_id  =  T2.stadium_id WHERE T1.year  =  2014,SELECT Name FROM stadium EXCEPT SELECT T1.Name FROM stadium AS T1 JOIN concert AS T2 ON T1.Stadium_ID = T2.Stadium_ID WHERE T2.Year = 'value',True,False,,wrong_value,wrong_value,structure matches but execution result differs (literal values / LIMIT / DISTINCT)
dev_00034,concert_singer,medium,"What are the names , themes , and number of singers for every concert ?","select t2.concert_name ,  t2.theme ,  count(*) from singer_in_concert as t1 join concert as t2 on t1.concert_id  =  t2.concert_id group by t2.concert_id","SELECT T1.concert_Name, T1.Theme, count(*) FROM concert AS T1 JOIN singer_in_concert AS T2 JOIN singer AS T3 ON T1.concert_ID = T2.concert_ID AND T2.Singer_ID = T1.concert_ID GROUP BY T1.concert_ID",False,False,,schema_linking_error,schema_linking_error|wrong_table,"used linked but wrong element(s): singer; tables gold=['concert', 'singer_in_concert'] pred=['concert', 'singer', 'singer_in_concert']"
dev_00036,concert_singer,medium,What are the names of the singers and number of concerts for each person?,"SELECT T2.name ,  count(*) FROM singer_in_concert AS T1 JOIN singer AS T2 ON T1.singer_id  =  T2.singer_id GROUP BY T2.singer_id","SELECT T3.Name, count(*) FROM singer_in_concert AS T1 JOIN concert AS T2 JOIN singer AS T3 ON T3.Singer_ID = T1.Singer_ID AND T1.concert_ID = T3.Singer_ID GROUP BY T3.Name",False,False,,schema_linking_error,schema_linking_error|wrong_table|wrong_column|group_by_error,"used linked but wrong element(s): concert; tables gold=['singer', 'singer_in_concert'] pred=['concert', 'singer', 'singer_in_concert']; missing columns: singer.Singer_ID; GROUP BY / HAVING differs"
dev_00037,concert_singer,hard,List all singer names in concerts in year 2014.,SELECT T2.name FROM singer_in_concert AS T1 JOIN singer AS T2 ON T1.singer_id  =  T2.singer_id JOIN concert AS T3 ON T1.concert_id  =  T3.concert_id WHERE T3.year  =  2014,SELECT T3.Name FROM singer_in_concert AS T1 JOIN concert AS T2 JOIN singer AS T3 ON T1.concert_ID = T3.Singer_ID AND T1.concert_ID = T3.Singer_ID WHERE T2.Year = 2014,True,False,,wrong_join,wrong_join|wrong_value,same tables but different join conditions / number of table units; structure matches but execution result differs (literal values / LIMIT / DISTINCT)
dev_00038,concert_singer,hard,What are the names of the singers who performed in a concert in 2014?,SELECT T2.name FROM singer_in_concert AS T1 JOIN singer AS T2 ON T1.singer_id  =  T2.singer_id JOIN concert AS T3 ON T1.concert_id  =  T3.concert_id WHERE T3.year  =  2014,SELECT T3.Name FROM singer_in_concert AS T1 JOIN concert AS T2 JOIN singer AS T3 ON T1.concert_ID = T3.Singer_ID AND T1.concert_ID = T3.Singer_ID WHERE T2.Year = 2014,True,False,,wrong_join,wrong_join|wrong_value,same tables but different join conditions / number of table units; structure matches but execution result differs (literal values / LIMIT / DISTINCT)
dev_00041,concert_singer,extra,Find the name and location of the stadiums which some concerts happened in the years of both 2014 and 2015.,"SELECT T2.name ,  T2.location FROM concert AS T1 JOIN stadium AS T2 ON T1.stadium_id  =  T2.stadium_id WHERE T1.Year  =  2014 INTERSECT SELECT T2.name ,  T2.location FROM concert AS T1 JOIN stadium AS T2 ON T1.stadium_id  =  T2.stadium_id WHERE T1.Year  =  2015","SELECT T1.Name, T1.Location FROM stadium AS T1 JOIN concert AS T2 ON T1.Stadium_ID = T2.Stadium_ID WHERE T2.Year >= 2014 INTERSECT SELECT T3.Name, T3.Location FROM stadium AS T3 JOIN concert AS T4 ON T3.Stadium_ID = T4.Stadium_ID WHERE T4.Year = 2015",False,False,,where_error,where_error,WHERE conditions differ (operators / conjunctions / count)
dev_00043,concert_singer,hard,Find the number of concerts happened in the stadium with the highest capacity .,select count(*) from concert where stadium_id = (select stadium_id from stadium order by capacity desc limit 1),SELECT count(*) FROM stadium AS T1 JOIN concert AS T2 ON T1.Stadium_ID = T2.Stadium_ID ORDER BY T1.Capacity DESC LIMIT 1,False,False,,nested_query_error,nested_query_error|wrong_join|wrong_column|where_error|order_by_error,"nesting differs (gold sub-queries=1 set-ops=[]; pred sub-queries=0 set-ops=[]); missing columns: stadium.Stadium_ID, concert.Stadium_ID; same tables but different join conditions / number of table units; WHERE conditions differ (operators / conjunctions / count); ORDER BY differs (gold none limit=None; pred ('desc', [(0, (0, 4, False), None)]) limit=1)"
dev_00044,concert_singer,hard,What are the number of concerts that occurred in the stadium with the largest capacity ?,select count(*) from concert where stadium_id = (select stadium_id from stadium order by capacity desc limit 1),SELECT count(*) FROM stadium AS T1 JOIN concert AS T2 ON T1.Stadium_ID = T2.Stadium_ID ORDER BY T1.Capacity DESC LIMIT 1,False,False,,nested_query_error,nested_query_error|wrong_join|wrong_column|where_error|order_by_error,"nesting differs (gold sub-queries=1 set-ops=[]; pred sub-queries=0 set-ops=[]); missing columns: stadium.Stadium_ID, concert.Stadium_ID; same tables but different join conditions / number of table units; WHERE conditions differ (operators / conjunctions / count); ORDER BY differs (gold none limit=None; pred ('desc', [(0, (0, 4, False), None)]) limit=1)"
dev_00047,pets_1,medium,Find the weight of the youngest dog.,SELECT weight FROM pets ORDER BY pet_age LIMIT 1,SELECT weight FROM Pets WHERE PetType = 'dog' ORDER BY pet_age ASC LIMIT 1,False,True,,schema_linking_error,schema_linking_error|wrong_column|where_error,used linked but wrong element(s): Pets.PetType; extra columns: Pets.PetType; WHERE conditions differ (operators / conjunctions / count)
dev_00048,pets_1,medium,How much does the youngest dog weigh?,SELECT weight FROM pets ORDER BY pet_age LIMIT 1,SELECT pet_age FROM Pets WHERE PetType = 'dog' ORDER BY pet_age ASC LIMIT 1,False,False,,schema_linking_error,schema_linking_error|wrong_column|where_error,used linked but wrong element(s): Pets.PetType; missing columns: Pets.weight; extra columns: Pets.PetType; WHERE conditions differ (operators / conjunctions / count)
dev_00050,pets_1,medium,List the maximum weight and type for each type of pet.,"SELECT max(weight) ,  petType FROM pets GROUP BY petType","SELECT max(weight), min(PetType), PetType FROM Pets GROUP BY PetType",False,False,,wrong_column,wrong_column,SELECT list differs (missing / extra / duplicated items)
dev_00051,pets_1,medium,Find number of pets owned by students who are older than 20.,SELECT count(*) FROM student AS T1 JOIN has_pet AS T2 ON T1.stuid  =  T2.stuid WHERE T1.age  >  20,SELECT count(*) FROM Has_Pet AS T1 JOIN Student AS T2 JOIN Student AS T3 ON Pets.PetID = T1.PetID AND T1.StuID = T2.StuID WHERE T2.Age > 20,False,False,no such column: Pets.PetID,wrong_join,wrong_join,same tables but different join conditions / number of table units
dev_00052,pets_1,medium,How many pets are owned by students that have an age greater than 20?,SELECT count(*) FROM student AS T1 JOIN has_pet AS T2 ON T1.stuid  =  T2.stuid WHERE T1.age  >  20,SELECT count(*) FROM Has_Pet AS T1 JOIN Student AS T2 JOIN Student AS T3 ON Pets.PetID = T1.PetID AND T1.StuID = T2.StuID WHERE T2.Age > 20,False,False,no such column: Pets.PetID,wrong_join,wrong_join,same tables but different join conditions / number of table units
dev_00053,pets_1,hard,Find the number of dog pets that are raised by female students (with sex F).,SELECT count(*) FROM student AS T1 JOIN has_pet AS T2 ON T1.stuid  =  T2.stuid JOIN pets AS T3 ON T2.petid  =  T3.petid WHERE T1.sex  =  'F' AND T3.pettype  =  'dog',SELECT count(*) FROM Has_Pet AS T1 JOIN Student AS T2 JOIN Student AS T3 ON Pets.PetID = T1.PetID AND T1.StuID = T2.StuID WHERE T2.Sex = 'F' AND Pets.PetType = 'dog',False,False,no such column: Pets.PetType,schema_linking_error,schema_linking_error|wrong_table,"missed linked gold element(s): Pets (table link); tables gold=['Has_Pet', 'Pets', 'Student'] pred=['Has_Pet', 'Student']"
dev_00054,pets_1,hard,How many dog pets are raised by female students?,SELECT count(*) FROM student AS T1 JOIN has_pet AS T2 ON T1.stuid  =  T2.stuid JOIN pets AS T3 ON T2.petid  =  T3.petid WHERE T1.sex  =  'F' AND T3.pettype  =  'dog',SELECT count(*) FROM Pets AS T1 JOIN Has_Pet AS T2 JOIN Pets AS T3 ON T1.PetID = T2.PetID AND T2.StuID = Student.StuID WHERE Student.Sex = 'value' AND T1.PetType = 'dog',False,False,no such column: Student.Sex,schema_linking_error,schema_linking_error|wrong_table,"missed linked gold element(s): Student (table link); tables gold=['Has_Pet', 'Pets', 'Student'] pred=['Has_Pet', 'Pets']"
dev_00057,pets_1,extra,Find the first name of students who have cat or dog pet.,SELECT DISTINCT T1.Fname FROM student AS T1 JOIN has_pet AS T2 ON T1.stuid  =  T2.stuid JOIN pets AS T3 ON T3.petid  =  T2.petid WHERE T3.pettype  =  'cat' OR T3.pettype  =  'dog',SELECT T1.Fname FROM Student AS T1 JOIN Has_Pet AS T2 JOIN Pets AS T3 ON T1.StuID = T2.StuID AND T2.PetID = T3.PetID WHERE T3.PetType = 'cat' OR T3.PetType = 'dog',True,False,,wrong_value,wrong_value,structure matches but execution result differs (literal values / LIMIT / DISTINCT)
dev_00061,pets_1,extra,Find the major and age of students who do not have a cat pet.,"SELECT major ,  age FROM student WHERE stuid NOT IN (SELECT T1.stuid FROM student AS T1 JOIN has_pet AS T2 ON T1.stuid  =  T2.stuid JOIN pets AS T3 ON T3.petid  =  T2.petid WHERE T3.pettype  =  'cat')","SELECT Major, Age FROM Student WHERE Pets.PetID NOT IN (SELECT T1.StuID FROM Has_Pet AS T1 JOIN Pets AS T2 ON T1.PetID = T2.PetID WHERE T2.PetType = 'cat')",False,False,no such column: Pets.PetID,wrong_join,wrong_join|wrong_column|where_error,"missing columns: Student.StuID; extra columns: Has_Pet.StuID, Pets.PetID; same tables but different join conditions / number of table units; WHERE conditions differ (operators / conjunctions / count)"
dev_00062,pets_1,extra,"What major is every student who does not own a cat as a pet, and also how old are they?","SELECT major ,  age FROM student WHERE stuid NOT IN (SELECT T1.stuid FROM student AS T1 JOIN has_pet AS T2 ON T1.stuid  =  T2.stuid JOIN pets AS T3 ON T3.petid  =  T2.petid WHERE T3.pettype  =  'cat')","SELECT Major, Age FROM Student WHERE Pets.PetID NOT IN (SELECT T1.StuID FROM Has_Pet AS T1 JOIN Pets AS T2 ON T1.PetID = T2.PetID WHERE T2.PetType = 'cat')",False,False,no such column: Pets.PetID,wrong_join,wrong_join|wrong_column|where_error,"missing columns: Student.StuID; extra columns: Has_Pet.StuID, Pets.PetID; same tables but different join conditions / number of table units; WHERE conditions differ (operators / conjunctions / count)"
dev_00063,pets_1,hard,Find the id of students who do not have a cat pet.,SELECT stuid FROM student EXCEPT SELECT T1.stuid FROM student AS T1 JOIN has_pet AS T2 ON T1.stuid  =  T2.stuid JOIN pets AS T3 ON T3.petid  =  T2.petid WHERE T3.pettype  =  'cat',SELECT StuID FROM Student EXCEPT SELECT T1.StuID FROM Has_Pet AS T1 JOIN Pets AS T2 ON T1.PetID = T2.PetID WHERE T2.PetType = 'cat',False,True,,wrong_join,wrong_join|wrong_column,extra columns: Has_Pet.StuID; same tables but different join conditions / number of table units
dev_00064,pets_1,hard,What are the ids of the students who do not own cats as pets?,SELECT stuid FROM student EXCEPT SELECT T1.stuid FROM student AS T1 JOIN has_pet AS T2 ON T1.stuid  =  T2.stuid JOIN pets AS T3 ON T3.petid  =  T2.petid WHERE T3.pettype  =  'cat',SELECT StuID FROM Student EXCEPT SELECT T1.StuID FROM Has_Pet AS T1 JOIN Pets AS T2 ON T1.PetID = T2.PetID WHERE T2.PetType = 'cat',False,True,,wrong_join,wrong_join|wrong_column,extra columns: Has_Pet.StuID; same tables but different join conditions / number of table units
dev_00065,pets_1,extra,Find the first name and age of students who have a dog but do not have a cat as a pet.,"SELECT T1.fname ,  T1.age FROM student AS T1 JOIN has_pet AS T2 ON T1.stuid  =  T2.stuid JOIN pets AS T3 ON T3.petid  =  T2.petid WHERE T3.pettype  =  'dog' AND T1.stuid NOT IN (SELECT T1.stuid FROM student AS T1 JOIN has_pet AS T2 ON T1.stuid  =  T2.stuid JOIN pets AS T3 ON T3.petid  =  T2.petid WHERE T3.pettype  =  'cat')","SELECT Fname, Age FROM Student WHERE Pets.PetID NOT IN (SELECT T1.StuID FROM Has_Pet AS T1 JOIN Pets AS T2 ON T1.PetID = T2.PetID WHERE T2.PetType = 'dog')",False,False,no such column: Pets.PetID,wrong_join,wrong_join|wrong_column|where_error,"missing columns: Student.StuID; extra columns: Has_Pet.StuID, Pets.PetID; same tables but different join conditions / number of table units; WHERE conditions differ (operators / conjunctions / count)"
dev_00066,pets_1,extra,What is the first name of every student who has a dog but does not have a cat?,"SELECT T1.fname ,  T1.age FROM student AS T1 JOIN has_pet AS T2 ON T1.stuid  =  T2.stuid JOIN pets AS T3 ON T3.petid  =  T2.petid WHERE T3.pettype  =  'dog' AND T1.stuid NOT IN (SELECT T1.stuid FROM student AS T1 JOIN has_pet AS T2 ON T1.stuid  =  T2.stuid JOIN pets AS T3 ON T3.petid  =  T2.petid WHERE T3.pettype  =  'cat')",SELECT Fname FROM Student EXCEPT SELECT T1.Fname FROM Student AS T1 JOIN Has_Pet AS T2 JOIN Pets AS T3 ON T1.StuID = T2.StuID AND T2.PetID = T3.PetID WHERE T3.PetType = 'cat',False,False,,nested_query_error,nested_query_error|wrong_join|wrong_column|where_error,"nesting differs (gold sub-queries=1 set-ops=[]; pred sub-queries=0 set-ops=['except']); missing columns: Student.StuID, Student.Age; same tables but different join conditions / number of table units; WHERE conditions differ (operators / conjunctions / count)"
dev_00068,pets_1,medium,"What type of pet is the youngest animal, and how much does it weigh?","SELECT pettype ,  weight FROM pets ORDER BY pet_age LIMIT 1","SELECT PetType, pet_age FROM Pets ORDER BY pet_age ASC LIMIT 1",False,False,,wrong_column,wrong_column,missing columns: Pets.weight
dev_00070,pets_1,medium,What is the id and weight of every pet who is older than 1?,"SELECT petid ,  weight FROM pets WHERE pet_age  >  1","SELECT T1.PetID, T1.weight FROM Pets AS T1 JOIN Has_Pet AS T2 ON T1.PetID = T2.PetID WHERE T1.pet_age > 1",False,True,,wrong_table,wrong_table,"tables gold=['Pets'] pred=['Has_Pet', 'Pets']"
dev_00071,pets_1,medium,Find the average and maximum age for each type of pet.,"SELECT avg(pet_age) ,  max(pet_age) ,  pettype FROM pets GROUP BY pettype","SELECT PetType, avg(pet_age), min(pet_age) FROM Pets GROUP BY PetType",False,False,,aggregation_error,aggregation_error,aggregation functions differ
dev_00072,pets_1,medium,What is the average and maximum age for each pet type?,"SELECT avg(pet_age) ,  max(pet_age) ,  pettype FROM pets GROUP BY pettype","SELECT PetType, avg(pet_age), min(pet_age) FROM Pets GROUP BY PetType",False,False,,aggregation_error,aggregation_error,aggregation functions differ
dev_00075,pets_1,medium,Find the first name and age of students who have a pet.,"SELECT DISTINCT T1.fname ,  T1.age FROM student AS T1 JOIN has_pet AS T2 ON T1.stuid  =  T2.stuid","SELECT DISTINCT T1.Fname, T1.Age FROM Student AS T1 JOIN Has_Pet AS T2 ON T2.PetID = Pets.PetID",True,False,no such column: Pets.PetID,wrong_join,wrong_join|wrong_value,same tables but different join conditions / number of table units; structure matches but execution result differs (literal values / LIMIT / DISTINCT)
dev_00077,pets_1,medium,Find the id of the pet owned by student whose last name is ‘Smith’.,SELECT T2.petid FROM student AS T1 JOIN has_pet AS T2 ON T1.stuid  =  T2.stuid WHERE T1.Lname  =  'Smith',SELECT T1.PetID FROM Has_Pet AS T1 JOIN Student AS T2 ON Pets.PetID = T1.PetID WHERE T2.LName = 'Smith',True,False,no such column: Pets.PetID,wrong_join,wrong_join|wrong_value,same tables but different join conditions / number of table units; structure matches but execution result differs (literal values / LIMIT / DISTINCT)
dev_00079,pets_1,medium,Find the number of pets for each student who has any pet and student id.,"SELECT count(*) ,  T1.stuid FROM student AS T1 JOIN has_pet AS T2 ON T1.stuid  =  T2.stuid GROUP BY T1.stuid","SELECT count(*), StuID FROM Has_Pet GROUP BY StuID",False,True,,schema_linking_error,schema_linking_error|wrong_table|wrong_column,"missed linked gold element(s): Student.StuID (link EM), Student (table link); used linked but wrong element(s): Has_Pet.StuID; tables gold=['Has_Pet', 'Student'] pred=['Has_Pet']; missing columns: Student.StuID; extra columns: Has_Pet.StuID"
dev_00080,pets_1,medium,"For students who have pets , how many pets does each student have ? list their ids instead of names .","select count(*) ,  t1.stuid from student as t1 join has_pet as t2 on t1.stuid  =  t2.stuid group by t1.stuid","SELECT StuID, count(*) FROM Has_Pet GROUP BY StuID",False,True,,schema_linking_error,schema_linking_error|wrong_table|wrong_column,"missed linked gold element(s): Student (table link); tables gold=['Has_Pet', 'Student'] pred=['Has_Pet']; missing columns: Student.StuID; extra columns: Has_Pet.StuID"
dev_00083,pets_1,hard,Find the last name of the student who has a cat that is age 3.,SELECT T1.lname FROM student AS T1 JOIN has_pet AS T2 ON T1.stuid  =  T2.stuid JOIN pets AS T3 ON T3.petid  =  T2.petid WHERE T3.pet_age  =  3 AND T3.pettype  =  'cat',SELECT T1.LName FROM Student AS T1 JOIN Has_Pet AS T2 JOIN Pets AS T3 ON T1.StuID = T2.StuID AND T3.PetID = T2.StuID WHERE T3.PetType = 'cat' AND T1.Age = 3,False,False,,schema_linking_error,schema_linking_error|wrong_join|wrong_column|where_error,missed linked gold element(s): Pets.pet_age (link VEM); used linked but wrong element(s): Student.Age; missing columns: Pets.pet_age; extra columns: Student.Age; same tables but different join conditions / number of table units; WHERE conditions differ (operators / conjunctions / count)
dev_00084,pets_1,hard,What is the last name of the student who has a cat that is 3 years old?,SELECT T1.lname FROM student AS T1 JOIN has_pet AS T2 ON T1.stuid  =  T2.stuid JOIN pets AS T3 ON T3.petid  =  T2.petid WHERE T3.pet_age  =  3 AND T3.pettype  =  'cat',SELECT T1.LName FROM Student AS T1 JOIN Has_Pet AS T2 JOIN Pets AS T3 ON T1.StuID = T2.StuID AND T2.PetID = T3.PetID WHERE T3.PetType = 'cat' AND T1.Age = 3,False,False,,schema_linking_error,schema_linking_error|wrong_column|where_error,missed linked gold element(s): Pets.pet_age (link VEM); missing columns: Pets.pet_age; extra columns: Student.Age; WHERE conditions differ (operators / conjunctions / count)
dev_00086,pets_1,extra,What is the average age for all students who do not own any pets ?,select avg(age) from student where stuid not in (select stuid from has_pet),SELECT avg(Age) FROM Student WHERE Pets.PetID NOT IN (SELECT StuID FROM Has_Pet),False,False,no such column: Pets.PetID,wrong_column,wrong_column|where_error,missing columns: Student.StuID; extra columns: Pets.PetID; WHERE conditions differ (operators / conjunctions / count)
dev_00088,car_1,easy,What is the number of continents?,SELECT count(*) FROM CONTINENTS;,SELECT count(DISTINCT Continent) FROM continents,False,True,,schema_linking_error,schema_linking_error|wrong_column,used linked but wrong element(s): continents.Continent; extra columns: continents.Continent
dev_00089,car_1,medium,"How many countries does each continent have? List the continent id, continent name and the number of countries.","SELECT T1.ContId ,  T1.Continent ,  count(*) FROM CONTINENTS AS T1 JOIN COUNTRIES AS T2 ON T1.ContId  =  T2.Continent GROUP BY T1.ContId;","SELECT T1.Continent, T1.Continent, count(*) FROM continents AS T1 JOIN countries AS T2 ON T1.ContId = T2.Continent GROUP BY T2.Continent",False,False,,schema_linking_error,schema_linking_error|wrong_column,used linked but wrong element(s): countries.Continent; missing columns: continents.ContId; extra columns: countries.Continent
dev_00090,car_1,medium,"For each continent, list its id, name, and how many countries it has?","SELECT T1.ContId ,  T1.Continent ,  count(*) FROM CONTINENTS AS T1 JOIN COUNTRIES AS T2 ON T1.ContId  =  T2.Continent GROUP BY T1.ContId;","SELECT T1.ContId, T1.Continent, count(*) FROM continents AS T1 JOIN countries AS T2 ON T1.ContId = T2.Continent GROUP BY T1.Continent",False,True,,group_by_error,group_by_error,GROUP BY / HAVING differs
dev_00093,car_1,medium,"How many models does each car maker produce? List maker full name, id and the number.","SELECT T1.FullName ,  T1.Id ,  count(*) FROM CAR_MAKERS AS T1 JOIN MODEL_LIST AS T2 ON T1.Id  =  T2.Maker GROUP BY T1.Id;","SELECT T1.FullName, T1.Id, count(*) FROM car_makers AS T1 JOIN model_list AS T2 ON T1.Id = T2.Model GROUP BY T1.Id",True,False,,wrong_join,wrong_join|wrong_value,same tables but different join conditions / number of table units; structure matches but execution result differs (literal values / LIMIT / DISTINCT)
dev_00095,car_1,hard,Which model of the car has the minimum horsepower?,SELECT T1.Model FROM CAR_NAMES AS T1 JOIN CARS_DATA AS T2 ON T1.MakeId  =  T2.Id ORDER BY T2.horsepower ASC LIMIT 1;,SELECT car_names.Model FROM cars_data ORDER BY Horsepower ASC LIMIT 1,False,False,no such column: car_names.Model,wrong_table,wrong_table|wrong_column,"tables gold=['car_names', 'cars_data'] pred=['cars_data']; SELECT list differs (missing / extra / duplicated items)"
dev_00096,car_1,hard,What is the model of the car with the smallest amount of horsepower?,SELECT T1.Model FROM CAR_NAMES AS T1 JOIN CARS_DATA AS T2 ON T1.MakeId  =  T2.Id ORDER BY T2.horsepower ASC LIMIT 1;,SELECT car_names.Model FROM cars_data ORDER BY Horsepower ASC LIMIT 1,False,False,no such column: car_names.Model,wrong_table,wrong_table|wrong_column,"tables gold=['car_names', 'cars_data'] pred=['cars_data']; SELECT list differs (missing / extra / duplicated items)"
dev_00097,car_1,extra,Find the model of the car whose weight is below the average weight.,SELECT T1.model FROM CAR_NAMES AS T1 JOIN CARS_DATA AS T2 ON T1.MakeId  =  T2.Id WHERE T2.Weight  <  (SELECT avg(Weight) FROM CARS_DATA),SELECT model_list.Model FROM cars_data AS T1 JOIN car_names AS T2 ON model_list.Model = T2.MakeId WHERE T1.Weight < (SELECT avg(Weight) FROM cars_data),True,False,no such column: model_list.Model,schema_linking_error,schema_linking_error|wrong_join|wrong_column|wrong_value,missed linked gold element(s): car_names.Model (link EM); used linked but wrong element(s): model_list.Model; missing columns: car_names.Model; extra columns: model_list.Model; same tables but different join conditions / number of table units; structure matches but execution result differs (literal values / LIMIT / DISTINCT)
dev_00098,car_1,extra,What is the model for the car with a weight smaller than the average?,SELECT T1.model FROM CAR_NAMES AS T1 JOIN CARS_DATA AS T2 ON T1.MakeId  =  T2.Id WHERE T2.Weight  <  (SELECT avg(Weight) FROM CARS_DATA),SELECT model_list.Model FROM cars_data AS T1 JOIN car_names AS T2 ON model_list.Model = T2.MakeId WHERE T1.Weight < (SELECT avg(Weight) FROM cars_data),True,False,no such column: model_list.Model,schema_linking_error,schema_linking_error|wrong_join|wrong_column|wrong_value,missed linked gold element(s): car_names.Model (link EM); used linked but wrong element(s): model_list.Model; missing columns: car_names.Model; extra columns: model_list.Model; same tables but different join conditions / number of table units; structure matches but execution result differs (literal values / LIMIT / DISTINCT)
dev_00099,car_1,extra,Find the name of the makers that produced some cars in the year of 1970?,SELECT DISTINCT T1.Maker FROM CAR_MAKERS AS T1 JOIN MODEL_LIST AS T2 ON T1.Id  =  T2.Maker JOIN CAR_NAMES AS T3 ON T2.model  =  T3.model JOIN CARS_DATA AS T4 ON T3.MakeId  =  T4.id WHERE T4.year  =  '1970';,SELECT T1.Maker FROM car_makers AS T1 JOIN model_list AS T2 ON T1.Id = T2.Maker WHERE cars_data.Year = 1970,False,False,no such column: cars_data.Year,wrong_table,wrong_table,"tables gold=['car_makers', 'car_names', 'cars_data', 'model_list'] pred=['car_makers', 'model_list']"
dev_00100,car_1,extra,What is the name of the different car makers who produced a car in 1970?,SELECT DISTINCT T1.Maker FROM CAR_MAKERS AS T1 JOIN MODEL_LIST AS T2 ON T1.Id  =  T2.Maker JOIN CAR_NAMES AS T3 ON T2.model  =  T3.model JOIN CARS_DATA AS T4 ON T3.MakeId  =  T4.id WHERE T4.year  =  '1970';,SELECT DISTINCT T1.Maker FROM car_makers AS T1 JOIN model_list AS T2 ON T1.Id = T2.Maker WHERE cars_data.Year = 1970,False,False,no such column: cars_data.Year,wrong_table,wrong_table,"tables gold=['car_makers', 'car_names', 'cars_data', 'model_list'] pred=['car_makers', 'model_list']"
dev_00101,car_1,extra,Find the make and production time of the cars that were produced in the earliest year?,"SELECT T2.Make ,  T1.Year FROM CARS_DATA AS T1 JOIN CAR_NAMES AS T2 ON T1.Id  =  T2.MakeId WHERE T1.Year  =  (SELECT min(YEAR) FROM CARS_DATA);","SELECT T1.Make, car_makers.Maker FROM car_names AS T1 JOIN model_list AS T2 JOIN car_names AS T3 ON T1.Model = car_makers.Id AND cars_data.Id = car_makers.Id ORDER BY cars_data.Year ASC LIMIT 1",False,False,no such column: car_makers.Maker,nested_query_error,nested_query_error|wrong_table|wrong_column|where_error|order_by_error,"nesting differs (gold sub-queries=1 set-ops=[]; pred sub-queries=0 set-ops=[]); tables gold=['car_names', 'cars_data'] pred=['car_names', 'model_list']; extra columns: car_makers.Maker; WHERE conditions differ (operators / conjunctions / count); ORDER BY differs (gold none limit=None; pred ('asc', [(0, (0, 23, False), None)]) limit=1)"
dev_00102,car_1,extra,What is the maker of the carr produced in the earliest year and what year was it?,"SELECT T2.Make ,  T1.Year FROM CARS_DATA AS T1 JOIN CAR_NAMES AS T2 ON T1.Id  =  T2.MakeId WHERE T1.Year  =  (SELECT min(YEAR) FROM CARS_DATA);","SELECT Maker, Maker FROM car_makers WHERE FullName = 'value' ORDER BY Maker ASC",False,False,,nested_query_error,nested_query_error|schema_linking_error|wrong_table|wrong_column|where_error|order_by_error,"nesting differs (gold sub-queries=1 set-ops=[]; pred sub-queries=0 set-ops=[]); missed linked gold element(s): cars_data.Year (link EM); used linked but wrong element(s): car_makers.Maker; tables gold=['car_names', 'cars_data'] pred=['car_makers']; missing columns: car_names.Make, cars_data.Year; extra columns: car_makers.Maker, car_makers.FullName; WHERE conditions differ (operators / conjunctions / count); ORDER BY differs (gold none limit=None; pred ('asc', [(0, (0, 7, False), None)]) limit=None)"
dev_00103,car_1,hard,Which distinct car models are the produced after 1980?,SELECT DISTINCT T1.model FROM MODEL_LIST AS T1 JOIN CAR_NAMES AS T2 ON T1.model  =  T2.model JOIN CARS_DATA AS T3 ON T2.MakeId  =  T3.id WHERE T3.year  >  1980;,SELECT DISTINCT model_list.Model FROM car_names WHERE cars_data.Year > 1980,False,False,no such column: model_list.Model,wrong_table,wrong_table,"tables gold=['car_names', 'cars_data', 'model_list'] pred=['car_names']"
dev_00104,car_1,hard,What are the different models for the cards produced after 1980?,SELECT DISTINCT T1.model FROM MODEL_LIST AS T1 JOIN CAR_NAMES AS T2 ON T1.model  =  T2.model JOIN CARS_DATA AS T3 ON T2.MakeId  =  T3.id WHERE T3.year  >  1980;,SELECT DISTINCT Model FROM model_list WHERE cars_data.Year > 1980,False,False,no such column: cars_data.Year,wrong_table,wrong_table,"tables gold=['car_names', 'cars_data', 'model_list'] pred=['model_list']"
dev_00105,car_1,hard,How many car makers are there in each continents? List the continent name and the count.,"SELECT T1.Continent ,  count(*) FROM CONTINENTS AS T1 JOIN COUNTRIES AS T2 ON T1.ContId  =  T2.continent JOIN car_makers AS T3 ON T2.CountryId  =  T3.Country GROUP BY T1.Continent;","SELECT T1.Continent, count(*) FROM continents AS T1 JOIN countries AS T2 ON T1.ContId = T2.Continent GROUP BY T1.Continent",False,False,,schema_linking_error,schema_linking_error|wrong_table,"missed linked gold element(s): car_makers (table link); tables gold=['car_makers', 'continents', 'countries'] pred=['continents', 'countries']"
dev_00106,car_1,hard,What is the name of each continent and how many car makers are there in each one?,"SELECT T1.Continent ,  count(*) FROM CONTINENTS AS T1 JOIN COUNTRIES AS T2 ON T1.ContId  =  T2.continent JOIN car_makers AS T3 ON T2.CountryId  =  T3.Country GROUP BY T1.Continent;","SELECT T1.Continent, count(*) FROM continents AS T1 JOIN countries AS T2 ON T1.ContId = T2.Continent GROUP BY T1.Continent",False,False,,schema_linking_error,schema_linking_error|wrong_table,"missed linked gold element(s): car_makers (table link); tables gold=['car_makers', 'continents', 'countries'] pred=['continents', 'countries']"
dev_00109,car_1,medium,How many car models are produced by each maker ? Only list the count and the maker full name .,"select count(*) ,  t2.fullname from model_list as t1 join car_makers as t2 on t1.maker  =  t2.id group by t2.id;","SELECT T1.Maker, T1.FullName, count(*) FROM car_makers AS T1 JOIN model_list AS T2 ON T2.Maker = T1.Id GROUP BY T1.Maker, T1.FullName",False,False,,schema_linking_error,schema_linking_error|wrong_column|group_by_error,used linked but wrong element(s): car_makers.Maker; missing columns: car_makers.Id; extra columns: car_makers.Maker; GROUP BY / HAVING differs
dev_00110,car_1,medium,What is the number of car models that are produced by each maker and what is the id and full name of each maker?,"SELECT Count(*) ,  T2.FullName ,  T2.id FROM MODEL_LIST AS T1 JOIN CAR_MAKERS AS T2 ON T1.Maker  =  T2.Id GROUP BY T2.id;","SELECT T1.Id, T1.Maker, count(*) FROM car_makers AS T1 JOIN model_list AS T2 ON T2.Maker = T1.Id GROUP BY T1.Maker, T1.FullName",False,False,,schema_linking_error,schema_linking_error|wrong_column|group_by_error,used linked but wrong element(s): car_makers.Maker; extra columns: car_makers.Maker; GROUP BY / HAVING differs
dev_00111,car_1,medium,What is the accelerate of the car make amc hornet sportabout (sw)?,SELECT T1.Accelerate FROM CARS_DATA AS T1 JOIN CAR_NAMES AS T2 ON T1.Id  =  T2.MakeId WHERE T2.Make  =  'amc hornet sportabout (sw)';,SELECT cars_data.Accelerate FROM car_names AS T1 JOIN car_makers AS T2 JOIN car_names AS T3 ON cars_data.Id = T1.MakeId AND cars_data.Id = T1.MakeId WHERE T1.Make = 'amc hornet' AND T1.Make = 'amc hornet sportabout (sw)',False,False,no such column: cars_data.Accelerate,wrong_table,wrong_table|where_error,"tables gold=['car_names', 'cars_data'] pred=['car_makers', 'car_names']; WHERE conditions differ (operators / conjunctions / count)"
dev_00112,car_1,medium,How much does the car accelerate that makes amc hornet sportabout (sw)?,SELECT T1.Accelerate FROM CARS_DATA AS T1 JOIN CAR_NAMES AS T2 ON T1.Id  =  T2.MakeId WHERE T2.Make  =  'amc hornet sportabout (sw)';,SELECT T1.Accelerate FROM cars_data AS T1 JOIN car_makers AS T2 JOIN car_names AS T3 ON model_list.Maker = T3.MakeId AND T1.Id = T3.MakeId WHERE T3.Make = 'amc hornet' AND T3.Make = 'amc hornet sportabout (sw)',False,False,no such column: model_list.Maker,wrong_table,wrong_table|where_error,"tables gold=['car_names', 'cars_data'] pred=['car_makers', 'car_names', 'cars_data']; WHERE conditions differ (operators / conjunctions / count)"
dev_00113,car_1,medium,How many car makers are there in france?,SELECT count(*) FROM CAR_MAKERS AS T1 JOIN COUNTRIES AS T2 ON T1.Country  =  T2.CountryId WHERE T2.CountryName  =  'france';,SELECT count(DISTINCT T1.Maker) FROM car_makers AS T1 JOIN countries AS T2 ON T1.Country = T2.CountryId WHERE T2.CountryName = 'france',False,True,,schema_linking_error,schema_linking_error|wrong_column,used linked but wrong element(s): car_makers.Maker; extra columns: car_makers.Maker
dev_00114,car_1,medium,What is the number of makers of care in France?,SELECT count(*) FROM CAR_MAKERS AS T1 JOIN COUNTRIES AS T2 ON T1.Country  =  T2.CountryId WHERE T2.CountryName  =  'france';,SELECT count(DISTINCT T1.Maker) FROM car_makers AS T1 JOIN countries AS T2 ON T1.Country = T2.CountryId WHERE T2.CountryName = 'france',False,True,,schema_linking_error,schema_linking_error|wrong_column,used linked but wrong element(s): car_makers.Maker; extra columns: car_makers.Maker
dev_00115,car_1,hard,How many car models are produced in the usa?,SELECT count(*) FROM MODEL_LIST AS T1 JOIN CAR_MAKERS AS T2 ON T1.Maker  =  T2.Id JOIN COUNTRIES AS T3 ON T2.Country  =  T3.CountryId WHERE T3.CountryName  =  'usa';,SELECT count(*) FROM model_list AS T1 JOIN car_makers AS T2 JOIN countries AS T3 ON T1.Maker = T2.Id AND T2.Country = T2.Id WHERE T3.CountryName = 'usa',True,False,,wrong_join,wrong_join|wrong_value,same tables but different join conditions / number of table units; structure matches but execution result differs (literal values / LIMIT / DISTINCT)
dev_00116,car_1,hard,What is the count of the car models produced in the United States?,SELECT count(*) FROM MODEL_LIST AS T1 JOIN CAR_MAKERS AS T2 ON T1.Maker  =  T2.Id JOIN COUNTRIES AS T3 ON T2.Country  =  T3.CountryId WHERE T3.CountryName  =  'usa';,SELECT count(*) FROM model_list,False,False,,wrong_table,wrong_table|wrong_column|where_error,"tables gold=['car_makers', 'countries', 'model_list'] pred=['model_list']; missing columns: countries.CountryName; WHERE conditions differ (operators / conjunctions / count)"
dev_00117,car_1,easy,What is the average miles per gallon(mpg) of the cars with 4 cylinders?,SELECT avg(mpg) FROM CARS_DATA WHERE Cylinders  =  4;,SELECT avg(MPG) FROM cars_data WHERE Cylinders >= 4,False,False,,where_error,where_error,WHERE conditions differ (operators / conjunctions / count)
dev_00118,car_1,easy,What is the average miles per gallon of all the cards with 4 cylinders?,SELECT avg(mpg) FROM CARS_DATA WHERE Cylinders  =  4;,SELECT avg(Horsepower) FROM cars_data WHERE Cylinders >= 4,False,False,,wrong_column,wrong_column|where_error,missing columns: cars_data.MPG; extra columns: cars_data.Horsepower; WHERE conditions differ (operators / conjunctions / count)
dev_00119,car_1,medium,What is the smallest weight of the car produced with 8 cylinders on 1974 ?,select min(weight) from cars_data where cylinders  =  8 and year  =  1974,SELECT max(Weight) FROM cars_data WHERE Year = 1974 AND Cylinders = 8,False,False,,aggregation_error,aggregation_error,aggregation functions differ
dev_00121,car_1,medium,What are all the makers and models?,"SELECT Maker ,  Model FROM MODEL_LIST;","SELECT T1.Maker, T2.Model FROM car_makers AS T1 JOIN model_list AS T2 ON T1.Id = T2.Maker",False,False,,schema_linking_error,schema_linking_error|wrong_table|wrong_column,"missed linked gold element(s): model_list.Maker (link EM); used linked but wrong element(s): car_makers.Maker; tables gold=['model_list'] pred=['car_makers', 'model_list']; missing columns: model_list.Maker; extra columns: car_makers.Maker"
dev_00122,car_1,medium,What are the makers and models?,"SELECT Maker ,  Model FROM MODEL_LIST;","SELECT T1.Maker, T2.Model FROM car_makers AS T1 JOIN model_list AS T2 ON T1.Id = T2.Maker",False,False,,schema_linking_error,schema_linking_error|wrong_table|wrong_column,"missed linked gold element(s): model_list.Maker (link EM); used linked but wrong element(s): car_makers.Maker; tables gold=['model_list'] pred=['car_makers', 'model_list']; missing columns: model_list.Maker; extra columns: car_makers.Maker"
dev_00128,car_1,medium,What is the average weight and year for each year?,"SELECT avg(Weight) ,  YEAR FROM CARS_DATA GROUP BY YEAR;","SELECT avg(Weight), max(Year), Year FROM cars_data GROUP BY Year",False,False,,wrong_column,wrong_column,SELECT list differs (missing / extra / duplicated items)
dev_00129,car_1,extra,Which countries in europe have at least 3 car manufacturers?,SELECT T1.CountryName FROM COUNTRIES AS T1 JOIN CONTINENTS AS T2 ON T1.Continent  =  T2.ContId JOIN CAR_MAKERS AS T3 ON T1.CountryId  =  T3.Country WHERE T2.Continent  =  'europe' GROUP BY T1.CountryName HAVING count(*)  >=  3;,SELECT T2.CountryName FROM continents AS T1 JOIN countries AS T2 ON T1.ContId = T2.Continent WHERE T1.Continent = 'europe' GROUP BY car_makers.Country HAVING count(*) >= 3,False,False,no such column: car_makers.Country,schema_linking_error,schema_linking_error|wrong_table|wrong_column|group_by_error,"used linked but wrong element(s): car_makers.Country; tables gold=['car_makers', 'continents', 'countries'] pred=['continents', 'countries']; extra columns: car_makers.Country; GROUP BY / HAVING differs"
dev_00130,car_1,extra,What are the names of all European countries with at least 3 manufacturers?,SELECT T1.CountryName FROM COUNTRIES AS T1 JOIN CONTINENTS AS T2 ON T1.Continent  =  T2.ContId JOIN CAR_MAKERS AS T3 ON T1.CountryId  =  T3.Country WHERE T2.Continent  =  'europe' GROUP BY T1.CountryName HAVING count(*)  >=  3;,SELECT CountryName FROM countries WHERE Continent >= 'value',False,False,,schema_linking_error,schema_linking_error|wrong_table|wrong_column|where_error|group_by_error,"used linked but wrong element(s): countries.Continent; tables gold=['car_makers', 'continents', 'countries'] pred=['countries']; missing columns: continents.Continent; extra columns: countries.Continent; WHERE conditions differ (operators / conjunctions / count); GROUP BY / HAVING differs"
dev_00131,car_1,extra,What is the maximum horsepower and the make of the car models with 3 cylinders?,"SELECT T2.horsepower ,  T1.Make FROM CAR_NAMES AS T1 JOIN CARS_DATA AS T2 ON T1.MakeId  =  T2.Id WHERE T2.cylinders  =  3 ORDER BY T2.horsepower DESC LIMIT 1;","SELECT max(T1.Horsepower), T2.Make FROM cars_data AS T1 JOIN car_names AS T2 ON T2.Model = T2.Model WHERE T1.Cylinders >= 3",False,False,,wrong_join,wrong_join|wrong_column|where_error|order_by_error,"same tables but different join conditions / number of table units; SELECT list differs (missing / extra / duplicated items); WHERE conditions differ (operators / conjunctions / count); ORDER BY differs (gold ('desc', [(0, (0, 20, False), None)]) limit=1; pred none limit=None)"
dev_00132,car_1,extra,What is the largest amount of horsepower for the models with 3 cylinders and what make is it?,"SELECT T2.horsepower ,  T1.Make FROM CAR_NAMES AS T1 JOIN CARS_DATA AS T2 ON T1.MakeId  =  T2.Id WHERE T2.cylinders  =  3 ORDER BY T2.horsepower DESC LIMIT 1;","SELECT T1.Make, model_list.Model FROM car_names AS T1 JOIN car_names AS T2 ON model_list.Model = T1.Model WHERE cars_data.Cylinders <= 3 GROUP BY T1.Model ORDER BY sum(cars_data.Horsepower) DESC LIMIT 1",False,False,no such column: model_list.Model,schema_linking_error,schema_linking_error|wrong_table|wrong_column|where_error|group_by_error|order_by_error,"used linked but wrong element(s): model_list.Model, car_names.Model; tables gold=['car_names', 'cars_data'] pred=['car_names']; extra columns: model_list.Model, car_names.Model; WHERE conditions differ (operators / conjunctions / count); GROUP BY / HAVING differs; ORDER BY differs (gold ('desc', [(0, (0, 20, False), None)]) limit=1; pred ('desc', [(0, (4, 20, False), None)]) limit=1)"
dev_00133,car_1,hard,"Which model saves the most gasoline? That is to say, have the maximum miles per gallon.",SELECT T1.Model FROM CAR_NAMES AS T1 JOIN CARS_DATA AS T2 ON T1.MakeId  =  T2.Id ORDER BY T2.mpg DESC LIMIT 1;,SELECT car_names.Model FROM model_list AS T1 JOIN cars_data AS T2 ON T1.Model = car_names.MakeId GROUP BY car_names.Model ORDER BY avg(T2.Weight) DESC LIMIT 1,False,False,no such column: car_names.Model,wrong_table,wrong_table|wrong_column|group_by_error|order_by_error,"tables gold=['car_names', 'cars_data'] pred=['cars_data', 'model_list']; missing columns: cars_data.MPG; extra columns: cars_data.Weight; GROUP BY / HAVING differs; ORDER BY differs (gold ('desc', [(0, (0, 17, False), None)]) limit=1; pred ('desc', [(0, (5, 21, False), None)]) limit=1)"
dev_00134,car_1,hard,What is the car model with the highest mpg ?,select t1.model from car_names as t1 join cars_data as t2 on t1.makeid  =  t2.id order by t2.mpg desc limit 1;,SELECT model_list.Model FROM cars_data ORDER BY MPG DESC LIMIT 1,False,False,no such column: model_list.Model,schema_linking_error,schema_linking_error|wrong_table|wrong_column,"missed linked gold element(s): car_names.Model (link EM); used linked but wrong element(s): model_list.Model; tables gold=['car_names', 'cars_data'] pred=['cars_data']; missing columns: car_names.Model; extra columns: model_list.Model"
dev_00137,car_1,medium,What is the average edispl of the cars of model volvo?,SELECT avg(T2.edispl) FROM CAR_NAMES AS T1 JOIN CARS_DATA AS T2 ON T1.MakeId  =  T2.Id WHERE T1.Model  =  'volvo';,SELECT avg(T1.Edispl) FROM cars_data AS T1 JOIN car_names AS T2 ON T1.Id = T2.MakeId WHERE model_list.Model = 'volvo',True,False,no such column: model_list.Model,schema_linking_error,schema_linking_error|wrong_column|wrong_value,missed linked gold element(s): car_names.Model (link EM/VEM); used linked but wrong element(s): model_list.Model; missing columns: car_names.Model; extra columns: model_list.Model; structure matches but execution result differs (literal values / LIMIT / DISTINCT)
dev_00138,car_1,medium,What is the average edispl for all volvos?,SELECT avg(T2.edispl) FROM CAR_NAMES AS T1 JOIN CARS_DATA AS T2 ON T1.MakeId  =  T2.Id WHERE T1.Model  =  'volvo';,SELECT avg(Edispl) FROM cars_data,False,False,,wrong_table,wrong_table|wrong_column|where_error,"tables gold=['car_names', 'cars_data'] pred=['cars_data']; missing columns: car_names.Model; WHERE conditions differ (operators / conjunctions / count)"
dev_00142,car_1,hard,What model has the most different versions?,SELECT Model FROM CAR_NAMES GROUP BY Model ORDER BY count(*) DESC LIMIT 1;,SELECT Model FROM model_list GROUP BY Model ORDER BY count(*) DESC LIMIT 1,False,False,,schema_linking_error,schema_linking_error|wrong_table|wrong_column,missed linked gold element(s): car_names.Model (link EM); used linked but wrong element(s): model_list.Model; tables gold=['car_names'] pred=['model_list']; missing columns: car_names.Model; extra columns: model_list.Model
dev_00145,car_1,easy,how many cars were produced in 1980?,SELECT count(*) FROM CARS_DATA WHERE YEAR  =  1980;,SELECT count(*) FROM model_list AS T1 JOIN car_makers AS T2 ON T1.Maker = T2.Id WHERE cars_data.Year = 1980,False,False,no such column: cars_data.Year,wrong_table,wrong_table,"tables gold=['cars_data'] pred=['car_makers', 'model_list']"
dev_00146,car_1,easy,"In 1980, how many cars were made?",SELECT count(*) FROM CARS_DATA WHERE YEAR  =  1980;,SELECT count(*) FROM car_names WHERE cars_data.Year = 1980,False,False,no such column: cars_data.Year,wrong_table,wrong_table,tables gold=['cars_data'] pred=['car_names']
dev_00147,car_1,medium,How many car models were produced by the maker with full name American Motor Company?,SELECT count(*) FROM CAR_MAKERS AS T1 JOIN MODEL_LIST AS T2 ON T1.Id  =  T2.Maker WHERE T1.FullName  =  'American Motor Company';,SELECT count(*) FROM car_makers WHERE FullName = 'American Motor Company',False,True,,wrong_table,wrong_table,"tables gold=['car_makers', 'model_list'] pred=['car_makers']"
dev_00149,car_1,medium,Which makers designed more than 3 car models? List full name and the id.,"SELECT T1.FullName ,  T1.Id FROM CAR_MAKERS AS T1 JOIN MODEL_LIST AS T2 ON T1.Id  =  T2.Maker GROUP BY T1.Id HAVING count(*)  >  3;","SELECT T2.Maker, T2.Id FROM model_list AS T1 JOIN car_makers AS T2 ON T1.Maker = T2.Id GROUP BY T1.Maker HAVING count(*) > 3",False,False,,schema_linking_error,schema_linking_error|wrong_column,"missed linked gold element(s): car_makers.FullName (link EM); used linked but wrong element(s): model_list.Maker, car_makers.Maker; missing columns: car_makers.FullName; extra columns: car_makers.Maker, model_list.Maker"
dev_00150,car_1,medium,What are the names and ids of all makers with more than 3 models?,"SELECT T1.FullName ,  T1.Id FROM CAR_MAKERS AS T1 JOIN MODEL_LIST AS T2 ON T1.Id  =  T2.Maker GROUP BY T1.Id HAVING count(*)  >  3;","SELECT T1.Maker, T1.Maker FROM car_makers AS T1 JOIN model_list AS T2 ON T2.Maker = T1.Id GROUP BY T2.Maker HAVING count(*) > 3",False,False,,schema_linking_error,schema_linking_error|wrong_column,"missed linked gold element(s): car_makers.Id (link VEM); used linked but wrong element(s): model_list.Maker, car_makers.Maker; missing columns: car_makers.Id, car_makers.FullName; extra columns: car_makers.Maker, model_list.Maker"
dev_00151,car_1,extra,Which distinctive models are produced by maker with the full name General Motors or weighing more than 3500?,SELECT DISTINCT T2.Model FROM CAR_NAMES AS T1 JOIN MODEL_LIST AS T2 ON T1.Model  =  T2.Model JOIN CAR_MAKERS AS T3 ON T2.Maker  =  T3.Id JOIN CARS_DATA AS T4 ON T1.MakeId  =  T4.Id WHERE T3.FullName  =  'General Motors' OR T4.weight  >  3500;,SELECT DISTINCT T1.Model FROM model_list AS T1 JOIN car_makers AS T2 ON T1.Maker = T2.Id WHERE T2.FullName = 'General Motors' OR cars_data.Weight > 3500,False,False,no such column: cars_data.Weight,wrong_table,wrong_table,"tables gold=['car_makers', 'car_names', 'cars_data', 'model_list'] pred=['car_makers', 'model_list']"
dev_00152,car_1,extra,What are the different models created by either the car maker General Motors or weighed more than 3500?,SELECT DISTINCT T2.Model FROM CAR_NAMES AS T1 JOIN MODEL_LIST AS T2 ON T1.Model  =  T2.Model JOIN CAR_MAKERS AS T3 ON T2.Maker  =  T3.Id JOIN CARS_DATA AS T4 ON T1.MakeId  =  T4.Id WHERE T3.FullName  =  'General Motors' OR T4.weight  >  3500;,SELECT DISTINCT T1.Model FROM model_list AS T1 JOIN car_makers AS T2 ON T1.Maker = T2.Id WHERE T2.FullName = 'General Motors' OR cars_data.Weight > 3500,False,False,no such column: cars_data.Weight,wrong_table,wrong_table,"tables gold=['car_makers', 'car_names', 'cars_data', 'model_list'] pred=['car_makers', 'model_list']"
dev_00153,car_1,easy,In which years cars were produced weighing no less than 3000 and no more than 4000 ?,select distinct year from cars_data where weight between 3000 and 4000;,SELECT Year FROM cars_data WHERE Weight < 3000 INTERSECT SELECT Year FROM cars_data WHERE Weight < 4000,False,True,,nested_query_error,nested_query_error|wrong_join|where_error,nesting differs (gold sub-queries=0 set-ops=[]; pred sub-queries=0 set-ops=['intersect']); same tables but different join conditions / number of table units; WHERE conditions differ (operators / conjunctions / count)
dev_00154,car_1,easy,What are the different years in which there were cars produced that weighed less than 4000 and also cars that weighted more than 3000 ?,select distinct year from cars_data where weight between 3000 and 4000;,SELECT DISTINCT Year FROM cars_data WHERE Weight < 4000 INTERSECT SELECT Year FROM cars_data WHERE Weight < 3000,False,True,,nested_query_error,nested_query_error|wrong_join|where_error,nesting differs (gold sub-queries=0 set-ops=[]; pred sub-queries=0 set-ops=['intersect']); same tables but different join conditions / number of table units; WHERE conditions differ (operators / conjunctions / count)
dev_00157,car_1,extra,"For model volvo, how many cylinders does the car with the least accelerate have?",SELECT T1.cylinders FROM CARS_DATA AS T1 JOIN CAR_NAMES AS T2 ON T1.Id  =  T2.MakeId WHERE T2.Model  =  'volvo' ORDER BY T1.accelerate ASC LIMIT 1;,SELECT sum(T1.Accelerate) FROM cars_data AS T1 JOIN car_makers AS T2 ON T1.Id = T1.Id WHERE T2.Maker = 'volvo',False,False,,schema_linking_error,schema_linking_error|wrong_table|wrong_column|where_error|order_by_error,"missed linked gold element(s): cars_data.Cylinders (link EM), car_names.Model (link EM/VEM); used linked but wrong element(s): car_makers.Maker; tables gold=['car_names', 'cars_data'] pred=['car_makers', 'cars_data']; missing columns: car_names.Model, cars_data.Cylinders; extra columns: car_makers.Maker; WHERE conditions differ (operators / conjunctions / count); ORDER BY differs (gold ('asc', [(0, (0, 22, False), None)]) limit=1; pred none limit=None)"
dev_00158,car_1,extra,"For a volvo model, how many cylinders does the version with least accelerate have?",SELECT T1.cylinders FROM CARS_DATA AS T1 JOIN CAR_NAMES AS T2 ON T1.Id  =  T2.MakeId WHERE T2.Model  =  'volvo' ORDER BY T1.accelerate ASC LIMIT 1;,SELECT sum(T1.Accelerate) FROM cars_data AS T1 JOIN car_names AS T2 ON T1.Id = T2.MakeId WHERE car_makers.Maker = 'volvo',False,False,no such column: car_makers.Maker,schema_linking_error,schema_linking_error|wrong_column|where_error|order_by_error,"missed linked gold element(s): cars_data.Cylinders (link EM), car_names.Model (link EM/VEM); used linked but wrong element(s): car_makers.Maker; missing columns: car_names.Model, cars_data.Cylinders; extra columns: car_makers.Maker; WHERE conditions differ (operators / conjunctions / count); ORDER BY differs (gold ('asc', [(0, (0, 22, False), None)]) limit=1; pred none limit=None)"
dev_00159,car_1,hard,How many cars have a larger accelerate than the car with the largest horsepower?,SELECT COUNT(*) FROM CARS_DATA WHERE Accelerate  >  ( SELECT Accelerate FROM CARS_DATA ORDER BY Horsepower DESC LIMIT 1 );,SELECT sum(Accelerate) FROM cars_data WHERE Horsepower < 'value',False,False,,nested_query_error,nested_query_error|wrong_join|wrong_column|where_error,nesting differs (gold sub-queries=1 set-ops=[]; pred sub-queries=0 set-ops=[]); same tables but different join conditions / number of table units; SELECT list differs (missing / extra / duplicated items); WHERE conditions differ (operators / conjunctions / count)
dev_00160,car_1,hard,What is the number of cars with a greater accelerate than the one with the most horsepower?,SELECT COUNT(*) FROM CARS_DATA WHERE Accelerate  >  ( SELECT Accelerate FROM CARS_DATA ORDER BY Horsepower DESC LIMIT 1 );,SELECT sum(Accelerate) FROM cars_data WHERE Horsepower > (SELECT avg(Horsepower) FROM cars_data),False,False,,wrong_column,wrong_column|where_error,SELECT list differs (missing / extra / duplicated items); WHERE conditions differ (operators / conjunctions / count)
dev_00161,car_1,medium,How many countries has more than 2 car makers ?,select count(*) from countries as t1 join car_makers as t2 on t1.countryid  =  t2.country group by t1.countryid having count(*)  >  2,SELECT count(DISTINCT car_makers.Country) FROM (SELECT Country FROM car_makers GROUP BY Country HAVING count(*) > 2),False,False,no such column: car_makers.Country,nested_query_error,nested_query_error|schema_linking_error|wrong_table|wrong_column|where_error|group_by_error,"nesting differs (gold sub-queries=0 set-ops=[]; pred sub-queries=1 set-ops=[]); missed linked gold element(s): countries.CountryId (link VEM), countries (table link); used linked but wrong element(s): car_makers.Country; tables gold=['car_makers', 'countries'] pred=['car_makers']; missing columns: countries.CountryId; extra columns: car_makers.Country; WHERE conditions differ (operators / conjunctions / count); GROUP BY / HAVING differs"
dev_00162,car_1,medium,What is the number of countries with more than 2 car makers ?,select count(*) from countries as t1 join car_makers as t2 on t1.countryid  =  t2.country group by t1.countryid having count(*)  >  2,SELECT count(DISTINCT car_makers.Country) FROM (SELECT Country FROM car_makers GROUP BY Country HAVING count(*) > 2),False,False,no such column: car_makers.Country,nested_query_error,nested_query_error|schema_linking_error|wrong_table|wrong_column|where_error|group_by_error,"nesting differs (gold sub-queries=0 set-ops=[]; pred sub-queries=1 set-ops=[]); missed linked gold element(s): countries.CountryId (link VEM), countries (table link); used linked but wrong element(s): car_makers.Country; tables gold=['car_makers', 'countries'] pred=['car_makers']; missing columns: countries.CountryId; extra columns: car_makers.Country; WHERE conditions differ (operators / conjunctions / count); GROUP BY / HAVING differs"
dev_00165,car_1,extra,"For the cars with 4 cylinders, which model has the largest horsepower?",SELECT T1.Model FROM CAR_NAMES AS T1 JOIN CARS_DATA AS T2 ON T1.MakeId  =  T2.Id WHERE T2.Cylinders  =  4 ORDER BY T2.horsepower DESC LIMIT 1;,SELECT car_names.Model FROM cars_data WHERE Cylinders >= 4 GROUP BY car_names.Model ORDER BY sum(Horsepower) DESC LIMIT 1,False,False,no such column: car_names.Model,wrong_table,wrong_table|wrong_column|where_error|group_by_error|order_by_error,"tables gold=['car_names', 'cars_data'] pred=['cars_data']; SELECT list differs (missing / extra / duplicated items); WHERE conditions differ (operators / conjunctions / count); GROUP BY / HAVING differs; ORDER BY differs (gold ('desc', [(0, (0, 20, False), None)]) limit=1; pred ('desc', [(0, (4, 20, False), None)]) limit=1)"
dev_00166,car_1,extra,"For all of the 4 cylinder cars, which model has the most horsepower?",SELECT T1.Model FROM CAR_NAMES AS T1 JOIN CARS_DATA AS T2 ON T1.MakeId  =  T2.Id WHERE T2.Cylinders  =  4 ORDER BY T2.horsepower DESC LIMIT 1;,SELECT T2.Model FROM cars_data AS T1 JOIN car_names AS T2 ON T1.Id = T2.MakeId WHERE T1.Cylinders = 4 GROUP BY T1.Cylinders ORDER BY sum(T1.Horsepower) DESC LIMIT 1,False,False,,group_by_error,group_by_error|order_by_error,"GROUP BY / HAVING differs; ORDER BY differs (gold ('desc', [(0, (0, 20, False), None)]) limit=1; pred ('desc', [(0, (4, 20, False), None)]) limit=1)"
dev_00167,car_1,extra,"Among the cars with more than lowest horsepower, which ones do not have more than 3 cylinders? List the car makeid and make name.","SELECT T2.MakeId ,  T2.Make FROM CARS_DATA AS T1 JOIN CAR_NAMES AS T2 ON T1.Id  =  T2.MakeId WHERE T1.Horsepower  >  (SELECT min(Horsepower) FROM CARS_DATA) AND T1.Cylinders  <=  3;","SELECT T1.Model, T1.Make FROM car_names AS T1 JOIN cars_data AS T2 ON T1.MakeId = T2.Id WHERE T2.Cylinders - T2.Cylinders > 3",False,False,,nested_query_error,nested_query_error|schema_linking_error|wrong_join|wrong_column|where_error,"nesting differs (gold sub-queries=1 set-ops=[]; pred sub-queries=0 set-ops=[]); missed linked gold element(s): cars_data.Horsepower (link EM), car_names.MakeId (link VEM); missing columns: car_names.MakeId, cars_data.Horsepower; extra columns: car_names.Model; same tables but different join conditions / number of table units; WHERE conditions differ (operators / conjunctions / count)"
dev_00168,car_1,extra,"Among the cars that do not have the minimum horsepower , what are the make ids and names of all those with less than 4 cylinders ?","select t2.makeid ,  t2.make from cars_data as t1 join car_names as t2 on t1.id  =  t2.makeid where t1.horsepower  >  (select min(horsepower) from cars_data) and t1.cylinders  <  4;","SELECT T1.Model, T1.Make FROM car_names AS T1 JOIN cars_data AS T2 ON T2.Id = T1.MakeId WHERE T2.Cylinders < 4",False,False,,nested_query_error,nested_query_error|schema_linking_error|wrong_join|wrong_column|where_error,"nesting differs (gold sub-queries=1 set-ops=[]; pred sub-queries=0 set-ops=[]); missed linked gold element(s): cars_data.Horsepower (link EM), car_names.MakeId (link VEM); missing columns: car_names.MakeId, cars_data.Horsepower; extra columns: car_names.Model; same tables but different join conditions / number of table units; WHERE conditions differ (operators / conjunctions / count)"
dev_00169,car_1,medium,What is the maximum miles per gallon of the car with 8 cylinders or produced before 1980 ?,select max(mpg) from cars_data where cylinders  =  8 or year  <  1980,"SELECT max(T2.Horsepower), min(T2.Weight) FROM model_list AS T1 JOIN cars_data AS T2 ON T1.Model = car_names.Model WHERE T2.Cylinders BETWEEN 8 AND 1980",False,False,no such column: car_names.Model,schema_linking_error,schema_linking_error|wrong_table|wrong_column|where_error,"missed linked gold element(s): cars_data.Year (link VEM); used linked but wrong element(s): cars_data.Weight; tables gold=['cars_data'] pred=['cars_data', 'model_list']; missing columns: cars_data.MPG, cars_data.Year; extra columns: cars_data.Horsepower, cars_data.Weight; WHERE conditions differ (operators / conjunctions / count)"
dev_00170,car_1,medium,What is the maximum mpg of the cars that had 8 cylinders or that were produced before 1980 ?,select max(mpg) from cars_data where cylinders  =  8 or year  <  1980,SELECT max(MPG) FROM cars_data WHERE Cylinders >= 8 OR Cylinders < 1980,False,True,,schema_linking_error,schema_linking_error|wrong_column|where_error,missed linked gold element(s): cars_data.Year (link VEM); missing columns: cars_data.Year; WHERE conditions differ (operators / conjunctions / count)
dev_00171,car_1,extra,Which models are lighter than 3500 but not built by the 'Ford Motor Company'?,SELECT DISTINCT T1.model FROM MODEL_LIST AS T1 JOIN CAR_NAMES AS T2 ON T1.Model  =  T2.Model JOIN CARS_DATA AS T3 ON T2.MakeId  =  T3.Id JOIN CAR_MAKERS AS T4 ON T1.Maker  =  T4.Id WHERE T3.weight  <  3500 AND T4.FullName != 'Ford Motor Company';,SELECT Model FROM model_list WHERE cars_data.Weight > 3500 EXCEPT SELECT model_list.Model FROM car_makers WHERE cars_data.Weight > 3500,False,False,no such column: model_list.Model,nested_query_error,nested_query_error|schema_linking_error|wrong_table|wrong_column|where_error,"nesting differs (gold sub-queries=0 set-ops=[]; pred sub-queries=0 set-ops=['except']); missed linked gold element(s): car_makers.FullName (link VEM); tables gold=['car_makers', 'car_names', 'cars_data', 'model_list'] pred=['car_makers', 'model_list']; missing columns: car_makers.FullName; WHERE conditions differ (operators / conjunctions / count)"
dev_00172,car_1,extra,What are the different models wthat are lighter than 3500 but were not built by the Ford Motor Company?,SELECT DISTINCT T1.model FROM MODEL_LIST AS T1 JOIN CAR_NAMES AS T2 ON T1.Model  =  T2.Model JOIN CARS_DATA AS T3 ON T2.MakeId  =  T3.Id JOIN CAR_MAKERS AS T4 ON T1.Maker  =  T4.Id WHERE T3.weight  <  3500 AND T4.FullName != 'Ford Motor Company';,SELECT DISTINCT T1.Model FROM model_list AS T1 JOIN car_makers AS T2 ON T1.Maker = T2.Id WHERE T2.FullName = 'ford' AND cars_data.Weight < 3500,False,False,no such column: cars_data.Weight,wrong_table,wrong_table|where_error,"tables gold=['car_makers', 'car_names', 'cars_data', 'model_list'] pred=['car_makers', 'model_list']; WHERE conditions differ (operators / conjunctions / count)"
dev_00174,car_1,hard,What are the names of the countries with no car makers?,SELECT CountryName FROM countries EXCEPT SELECT T1.CountryName FROM countries AS T1 JOIN CAR_MAKERS AS T2 ON T1.countryId  =  T2.Country;,SELECT CountryName FROM countries WHERE CountryId NOT IN (SELECT Country FROM car_makers),False,True,,nested_query_error,nested_query_error|schema_linking_error|wrong_join|wrong_column|where_error,"nesting differs (gold sub-queries=0 set-ops=['except']; pred sub-queries=1 set-ops=[]); used linked but wrong element(s): car_makers.Country; extra columns: countries.CountryId, car_makers.Country; same tables but different join conditions / number of table units; WHERE conditions differ (operators / conjunctions / count)"
dev_00175,car_1,extra,Which are the car makers which produce at least 2 models and more than 3 car makers ? List the id and the maker .,"select t1.id ,  t1.maker from car_makers as t1 join model_list as t2 on t1.id  =  t2.maker group by t1.id having count(*)  >=  2 intersect select t1.id ,  t1.maker from car_makers as t1 join model_list as t2 on t1.id  =  t2.maker join car_names as t3 on t2.model  =  t3.model group by t1.id having count(*)  >  3;","SELECT T1.Id, T1.Maker FROM car_makers AS T1 JOIN model_list AS T2 ON T2.Maker = T1.Id GROUP BY T1.Id HAVING count(*) >= 2 UNION SELECT T3.Id, T3.Maker FROM car_makers AS T3 JOIN model_list AS T4 ON T4.Maker = T3.Id GROUP BY T3.Id HAVING count(*) >= 3",False,False,,nested_query_error,nested_query_error|wrong_table,"nesting differs (gold sub-queries=0 set-ops=['intersect']; pred sub-queries=0 set-ops=['union']); tables gold=['car_makers', 'car_names', 'model_list'] pred=['car_makers', 'model_list']"
dev_00176,car_1,extra,What are the ids and makers of all car makers that produce at least 2 models and make more than 3 cars?,"SELECT T1.Id ,  T1.Maker FROM CAR_MAKERS AS T1 JOIN MODEL_LIST AS T2 ON T1.Id  =  T2.Maker GROUP BY T1.Id HAVING count(*)  >=  2 INTERSECT SELECT T1.Id ,  T1.Maker FROM CAR_MAKERS AS T1 JOIN MODEL_LIST AS T2 ON T1.Id  =  T2.Maker JOIN CAR_NAMES AS T3 ON T2.model  =  T3.model GROUP BY T1.Id HAVING count(*)  >  3;","SELECT T1.Id, T1.Maker FROM car_makers AS T1 JOIN model_list AS T2 ON T2.Maker = T1.Id GROUP BY T1.Id HAVING count(*) >= 2 UNION SELECT T3.Id, T3.Maker FROM car_makers AS T3 JOIN model_list AS T4 ON T4.Maker = T3.Id GROUP BY T4.Maker HAVING count(*) >= 2",False,False,,nested_query_error,nested_query_error|schema_linking_error|wrong_table|wrong_column,"nesting differs (gold sub-queries=0 set-ops=['intersect']; pred sub-queries=0 set-ops=['union']); used linked but wrong element(s): model_list.Maker; tables gold=['car_makers', 'car_names', 'model_list'] pred=['car_makers', 'model_list']; extra columns: model_list.Maker"
dev_00177,car_1,extra,What are the id and names of the countries which have more than 3 car makers or produce the 'fiat' model?,"SELECT T1.countryId ,  T1.CountryName FROM Countries AS T1 JOIN CAR_MAKERS AS T2 ON T1.CountryId  =  T2.Country GROUP BY T1.countryId HAVING count(*)  >  3 UNION SELECT T1.countryId ,  T1.CountryName FROM Countries AS T1 JOIN CAR_MAKERS AS T2 ON T1.CountryId  =  T2.Country JOIN MODEL_LIST AS T3 ON T2.Id  =  T3.Maker WHERE T3.Model  =  'fiat';","SELECT T1.CountryId, T1.CountryName FROM countries AS T1 JOIN car_makers AS T2 ON T1.CountryId = T2.Country WHERE T2.Maker = 'fiat' GROUP BY T1.CountryId HAVING count(*) > 3",False,False,,nested_query_error,nested_query_error|schema_linking_error|wrong_table|wrong_column|where_error,"nesting differs (gold sub-queries=0 set-ops=['union']; pred sub-queries=0 set-ops=[]); missed linked gold element(s): model_list.Model (link EM/VEM); used linked but wrong element(s): car_makers.Maker; tables gold=['car_makers', 'countries', 'model_list'] pred=['car_makers', 'countries']; missing columns: model_list.Model; extra columns: car_makers.Maker; WHERE conditions differ (operators / conjunctions / count)"
dev_00178,car_1,extra,What are the ids and names of all countries that either have more than 3 car makers or produce fiat model ?,"select t1.countryid ,  t1.countryname from countries as t1 join car_makers as t2 on t1.countryid  =  t2.country group by t1.countryid having count(*)  >  3 union select t1.countryid ,  t1.countryname from countries as t1 join car_makers as t2 on t1.countryid  =  t2.country join model_list as t3 on t2.id  =  t3.maker where t3.model  =  'fiat';","SELECT T1.CountryId, T1.CountryName FROM countries AS T1 JOIN car_makers AS T2 ON T1.CountryId = T2.Country WHERE T2.Maker = 'fiat' GROUP BY T1.CountryId HAVING count(*) > 3",False,False,,nested_query_error,nested_query_error|schema_linking_error|wrong_table|wrong_column|where_error,"nesting differs (gold sub-queries=0 set-ops=['union']; pred sub-queries=0 set-ops=[]); missed linked gold element(s): model_list.Model (link EM/VEM); used linked but wrong element(s): car_makers.Maker; tables gold=['car_makers', 'countries', 'model_list'] pred=['car_makers', 'countries']; missing columns: model_list.Model; extra columns: car_makers.Maker; WHERE conditions differ (operators / conjunctions / count)"
dev_00211,flight_2,hard,How many flights depart from City 'Aberdeen' and have destination City 'Ashley'?,"SELECT count(*) FROM FLIGHTS AS T1 JOIN AIRPORTS AS T2 ON T1.DestAirport  =  T2.AirportCode JOIN AIRPORTS AS T3 ON T1.SourceAirport  =  T3.AirportCode WHERE T2.City  =  ""Ashley"" AND T3.City  =  ""Aberdeen""",SELECT count(*) FROM flights AS T1 JOIN airports AS T2 ON T1.DestAirport = T2.AirportCode WHERE T2.City = 'Aberdeen' OR T2.City = 'Ashley',False,True,,wrong_join,wrong_join|where_error,same tables but different join conditions / number of table units; WHERE conditions differ (operators / conjunctions / count)
dev_00212,flight_2,hard,How many flights fly from Aberdeen to Ashley?,"SELECT count(*) FROM FLIGHTS AS T1 JOIN AIRPORTS AS T2 ON T1.DestAirport  =  T2.AirportCode JOIN AIRPORTS AS T3 ON T1.SourceAirport  =  T3.AirportCode WHERE T2.City  =  ""Ashley"" AND T3.City  =  ""Aberdeen""",SELECT count(*) FROM flights AS T1 JOIN airports AS T2 ON T1.DestAirport = T2.AirportCode WHERE T2.City = 'Aberdeen' OR T2.AirportName = 'Ashley',False,True,,schema_linking_error,schema_linking_error|wrong_join|wrong_column|where_error,used linked but wrong element(s): airports.AirportName; extra columns: airports.AirportName; same tables but different join conditions / number of table units; WHERE conditions differ (operators / conjunctions / count)
dev_00213,flight_2,medium,How many flights does airline 'JetBlue Airways' have?,"SELECT count(*) FROM FLIGHTS AS T1 JOIN AIRLINES AS T2 ON T1.Airline  =  T2.uid WHERE T2.Airline = ""JetBlue Airways""",SELECT count(*) FROM flights AS T1 JOIN airlines AS T2 ON T2.uid = T2.uid WHERE T2.Airline = 'JetBlue Airways',True,False,,wrong_join,wrong_join|wrong_value,same tables but different join conditions / number of table units; structure matches but execution result differs (literal values / LIMIT / DISTINCT)
dev_00214,flight_2,medium,Give the number of Jetblue Airways flights.,"SELECT count(*) FROM FLIGHTS AS T1 JOIN AIRLINES AS T2 ON T1.Airline  =  T2.uid WHERE T2.Airline = ""JetBlue Airways""",SELECT count(*) FROM flights AS T1 JOIN airlines AS T2 ON T2.uid = T2.uid WHERE T2.Airline = 'JetBlue Airways',True,False,,wrong_join,wrong_join|wrong_value,same tables but different join conditions / number of table units; structure matches but execution result differs (literal values / LIMIT / DISTINCT)
dev_00216,flight_2,medium,Count the number of United Airlines flights arriving in ASY Airport.,"SELECT count(*) FROM AIRLINES AS T1 JOIN FLIGHTS AS T2 ON T2.Airline  =  T1.uid WHERE T1.Airline  =  ""United Airlines"" AND T2.DestAirport  =  ""ASY""",SELECT count(*) FROM flights WHERE SourceAirport = 'ASY',False,True,,schema_linking_error,schema_linking_error|wrong_table|wrong_column|where_error,"missed linked gold element(s): airlines.Airline (link VEM), flights.DestAirport (link VEM), airlines (table link); used linked but wrong element(s): flights.SourceAirport; tables gold=['airlines', 'flights'] pred=['flights']; missing columns: airlines.Airline, flights.DestAirport; extra columns: flights.SourceAirport; WHERE conditions differ (operators / conjunctions / count)"
dev_00218,flight_2,medium,Return the number of United Airlines flights leaving from AHD Airport.,"SELECT count(*) FROM AIRLINES AS T1 JOIN FLIGHTS AS T2 ON T2.Airline  =  T1.uid WHERE T1.Airline  =  ""United Airlines"" AND T2.SourceAirport  =  ""AHD""",SELECT count(*) FROM flights WHERE airlines.Airline = 'United Airlines' AND SourceAirport = 'AHD',False,False,no such column: airlines.Airline,schema_linking_error,schema_linking_error|wrong_table,"missed linked gold element(s): airlines (table link); tables gold=['airlines', 'flights'] pred=['flights']"
dev_00219,flight_2,hard,How many United Airlines flights go to City 'Aberdeen'?,"SELECT count(*) FROM FLIGHTS AS T1 JOIN AIRPORTS AS T2 ON T1.DestAirport  =  T2.AirportCode JOIN AIRLINES AS T3 ON T3.uid  =  T1.Airline WHERE T2.City  =  ""Aberdeen"" AND T3.Airline  =  ""United Airlines""",SELECT count(*) FROM flights AS T1 JOIN airports AS T2 JOIN airlines AS T3 ON T1.SourceAirport = T2.AirportCode AND T1.SourceAirport = T2.AirportCode WHERE T3.Airline = 'Aberdeen',False,True,,schema_linking_error,schema_linking_error|wrong_join|wrong_column|where_error,missed linked gold element(s): airports.City (link EM/VEM); missing columns: airports.City; same tables but different join conditions / number of table units; WHERE conditions differ (operators / conjunctions / count)
dev_00220,flight_2,hard,Count the number of United Airlines flights that arrive in Aberdeen.,"SELECT count(*) FROM FLIGHTS AS T1 JOIN AIRPORTS AS T2 ON T1.DestAirport  =  T2.AirportCode JOIN AIRLINES AS T3 ON T3.uid  =  T1.Airline WHERE T2.City  =  ""Aberdeen"" AND T3.Airline  =  ""United Airlines""",SELECT count(*) FROM flights AS T1 JOIN airports AS T2 JOIN airlines AS T3 ON T1.DestAirport = T2.AirportCode AND T1.DestAirport = T2.AirportCode WHERE T2.City = 'Aberdeen',False,True,,schema_linking_error,schema_linking_error|wrong_join|wrong_column|where_error,missed linked gold element(s): airlines.Airline (link VEM); missing columns: airlines.Airline; same tables but different join conditions / number of table units; WHERE conditions differ (operators / conjunctions / count)
dev_00222,flight_2,extra,Which city has the most frequent destination airport?,SELECT T1.City FROM AIRPORTS AS T1 JOIN FLIGHTS AS T2 ON T1.AirportCode  =  T2.DestAirport GROUP BY T1.City ORDER BY count(*) DESC LIMIT 1,SELECT City FROM airports GROUP BY City ORDER BY count(*) DESC LIMIT 1,False,False,,wrong_table,wrong_table,"tables gold=['airports', 'flights'] pred=['airports']"
dev_00224,flight_2,extra,Which city is the most frequent source airport?,SELECT T1.City FROM AIRPORTS AS T1 JOIN FLIGHTS AS T2 ON T1.AirportCode  =  T2.SourceAirport GROUP BY T1.City ORDER BY count(*) DESC LIMIT 1,SELECT City FROM airports GROUP BY City ORDER BY count(*) DESC LIMIT 1,False,False,,wrong_table,wrong_table,"tables gold=['airports', 'flights'] pred=['airports']"
dev_00231,flight_2,extra,Find the abbreviation and country of the airline that has fewest number of flights?,"SELECT T1.Abbreviation ,  T1.Country FROM AIRLINES AS T1 JOIN FLIGHTS AS T2 ON T1.uid  =  T2.Airline GROUP BY T1.Airline ORDER BY count(*) LIMIT 1","SELECT T1.Abbreviation, T1.Country FROM airlines AS T1 JOIN flights AS T2 ON T1.uid = T2.Airline GROUP BY T2.Airline ORDER BY count(*) ASC LIMIT 1",False,False,,schema_linking_error,schema_linking_error|wrong_column|group_by_error,used linked but wrong element(s): flights.Airline; missing columns: airlines.Airline; extra columns: flights.Airline; GROUP BY / HAVING differs
dev_00232,flight_2,extra,What is the abbreviation of the airilne has the fewest flights and what country is it in?,"SELECT T1.Abbreviation ,  T1.Country FROM AIRLINES AS T1 JOIN FLIGHTS AS T2 ON T1.uid  =  T2.Airline GROUP BY T1.Airline ORDER BY count(*) LIMIT 1","SELECT T1.Country, count(*) FROM airports AS T1 JOIN flights AS T2 ON T1.AirportCode = T2.SourceAirport GROUP BY T1.Country ORDER BY count(*) ASC LIMIT 1",False,False,,schema_linking_error,schema_linking_error|wrong_table|wrong_column|group_by_error,"missed linked gold element(s): airlines.Abbreviation (link EM), airlines.Country (link EM); used linked but wrong element(s): airports.Country; tables gold=['airlines', 'flights'] pred=['airports', 'flights']; missing columns: airlines.Airline, airlines.Abbreviation, airlines.Country; extra columns: airports.Country; GROUP BY / HAVING differs"
dev_00239,flight_2,extra,Find all airlines that have flights from airport 'CVO' but not from 'APG'.,"SELECT T1.Airline FROM AIRLINES AS T1 JOIN FLIGHTS AS T2 ON T1.uid  =  T2.Airline WHERE T2.SourceAirport  =  ""CVO"" EXCEPT SELECT T1.Airline FROM AIRLINES AS T1 JOIN FLIGHTS AS T2 ON T1.uid  =  T2.Airline WHERE T2.SourceAirport  =  ""APG""",SELECT Airline FROM airlines WHERE flights.SourceAirport = 'CVO' EXCEPT SELECT DISTINCT T1.Airline FROM airlines AS T1 JOIN flights AS T2 ON T1.uid = T2.Airline WHERE T2.SourceAirport = 'APG',False,False,no such column: flights.SourceAirport,wrong_join,wrong_join|where_error,same tables but different join conditions / number of table units; WHERE conditions differ (operators / conjunctions / count)
dev_00240,flight_2,extra,Which airlines have departures from CVO but not from APG airports?,"SELECT T1.Airline FROM AIRLINES AS T1 JOIN FLIGHTS AS T2 ON T1.uid  =  T2.Airline WHERE T2.SourceAirport  =  ""CVO"" EXCEPT SELECT T1.Airline FROM AIRLINES AS T1 JOIN FLIGHTS AS T2 ON T1.uid  =  T2.Airline WHERE T2.SourceAirport  =  ""APG""",SELECT Airline FROM airlines WHERE flights.SourceAirport = 'CVO' EXCEPT SELECT DISTINCT T1.Airline FROM airlines AS T1 JOIN flights AS T2 ON T1.uid = T2.Airline WHERE T2.SourceAirport = 'CVO',False,False,no such column: flights.SourceAirport,wrong_join,wrong_join|where_error,same tables but different join conditions / number of table units; WHERE conditions differ (operators / conjunctions / count)
dev_00241,flight_2,medium,Find all airlines that have at least 10 flights.,SELECT T1.Airline FROM AIRLINES AS T1 JOIN FLIGHTS AS T2 ON T1.uid  =  T2.Airline GROUP BY T1.Airline HAVING count(*)  >  10,SELECT T1.Airline FROM airlines AS T1 JOIN flights AS T2 ON T1.uid = T2.Airline GROUP BY T1.Airline HAVING count(*) >= 10,False,True,,group_by_error,group_by_error,GROUP BY / HAVING differs
dev_00242,flight_2,medium,Which airlines have at least 10 flights?,SELECT T1.Airline FROM AIRLINES AS T1 JOIN FLIGHTS AS T2 ON T1.uid  =  T2.Airline GROUP BY T1.Airline HAVING count(*)  >  10,SELECT T1.Airline FROM airlines AS T1 JOIN flights AS T2 ON T1.uid = T2.Airline GROUP BY T1.Airline HAVING count(*) >= 10,False,True,,group_by_error,group_by_error,GROUP BY / HAVING differs
dev_00243,flight_2,medium,Find all airlines that have fewer than 200 flights.,SELECT T1.Airline FROM AIRLINES AS T1 JOIN FLIGHTS AS T2 ON T1.uid  =  T2.Airline GROUP BY T1.Airline HAVING count(*)  <  200,SELECT T1.Airline FROM airlines AS T1 JOIN flights AS T2 ON T1.uid = T2.Airline GROUP BY T1.Airline HAVING count(*) > 200,False,False,,group_by_error,group_by_error,GROUP BY / HAVING differs
dev_00244,flight_2,medium,Which airlines have less than 200 flights?,SELECT T1.Airline FROM AIRLINES AS T1 JOIN FLIGHTS AS T2 ON T1.uid  =  T2.Airline GROUP BY T1.Airline HAVING count(*)  <  200,SELECT T1.Airline FROM airlines AS T1 JOIN flights AS T2 ON T1.uid = T2.Airline WHERE T2.FlightNo < 200,False,False,,schema_linking_error,schema_linking_error|wrong_column|where_error|group_by_error,used linked but wrong element(s): flights.FlightNo; extra columns: flights.FlightNo; WHERE conditions differ (operators / conjunctions / count); GROUP BY / HAVING differs
dev_00257,flight_2,hard,Find the name of airports which do not have any flight in and out.,SELECT AirportName FROM Airports WHERE AirportCode NOT IN (SELECT SourceAirport FROM Flights UNION SELECT DestAirport FROM Flights),SELECT AirportName FROM airports WHERE AirportCode NOT IN (SELECT SourceAirport FROM flights),False,True,,wrong_join,wrong_join|wrong_column|where_error,missing columns: flights.DestAirport; same tables but different join conditions / number of table units; WHERE conditions differ (operators / conjunctions / count)
dev_00258,flight_2,hard,Which airports do not have departing or arriving flights?,SELECT AirportName FROM Airports WHERE AirportCode NOT IN (SELECT SourceAirport FROM Flights UNION SELECT DestAirport FROM Flights),SELECT AirportName FROM airports WHERE AirportCode NOT IN (SELECT SourceAirport FROM flights),False,True,,wrong_join,wrong_join|wrong_column|where_error,missing columns: flights.DestAirport; same tables but different join conditions / number of table units; WHERE conditions differ (operators / conjunctions / count)
dev_00265,employee_hire_evaluation,medium,Which cities do more than one employee under age 30 come from?,SELECT city FROM employee WHERE age  <  30 GROUP BY city HAVING count(*)  >  1,SELECT City FROM employee WHERE Age > 30 GROUP BY City HAVING count(*) > 1,False,False,,where_error,where_error,WHERE conditions differ (operators / conjunctions / count)
dev_00266,employee_hire_evaluation,medium,Find the cities that have more than one employee under age 30.,SELECT city FROM employee WHERE age  <  30 GROUP BY city HAVING count(*)  >  1,SELECT City FROM employee WHERE Age > 30 GROUP BY City HAVING count(*) > 1,False,False,,where_error,where_error,WHERE conditions differ (operators / conjunctions / count)
dev_00279,employee_hire_evaluation,hard,Find the name of the employee who got the highest one time bonus.,SELECT t1.name FROM employee AS t1 JOIN evaluation AS t2 ON t1.Employee_ID  =  t2.Employee_ID ORDER BY t2.bonus DESC LIMIT 1,SELECT T1.Name FROM employee AS T1 JOIN hiring AS T2 ON T1.Employee_ID = T2.Employee_ID ORDER BY evaluation.Bonus DESC LIMIT 1,False,False,no such column: evaluation.Bonus,wrong_table,wrong_table,"tables gold=['employee', 'evaluation'] pred=['employee', 'hiring']"
dev_00287,employee_hire_evaluation,medium,Find the number of employees hired in each shop; show the shop name as well.,"SELECT count(*) ,  t2.name FROM hiring AS t1 JOIN shop AS t2 ON t1.shop_id  =  t2.shop_id GROUP BY t2.name","SELECT T2.Name, count(*) FROM hiring AS T1 JOIN shop AS T2 ON T1.Shop_ID = T2.Shop_ID GROUP BY T1.Shop_ID",False,True,,wrong_column,wrong_column|group_by_error,extra columns: hiring.Shop_ID; GROUP BY / HAVING differs
dev_00293,employee_hire_evaluation,hard,Which district has both stores with less than 3000 products and stores with more than 10000 products?,SELECT district FROM shop WHERE Number_products  <  3000 INTERSECT SELECT district FROM shop WHERE Number_products  >  10000,SELECT District FROM shop WHERE Number_products < 3000 INTERSECT SELECT District FROM shop WHERE Number_products < 10000,False,False,,where_error,where_error,WHERE conditions differ (operators / conjunctions / count)
dev_00294,employee_hire_evaluation,hard,Find the districts in which there are both shops selling less than 3000 products and shops selling more than 10000 products.,SELECT district FROM shop WHERE Number_products  <  3000 INTERSECT SELECT district FROM shop WHERE Number_products  >  10000,SELECT District FROM shop WHERE Number_products > 3000 INTERSECT SELECT District FROM shop WHERE Number_products < 10000,False,False,,where_error,where_error,WHERE conditions differ (operators / conjunctions / count)
dev_00301,cre_Doc_Template_Mgt,medium,What is the document name and template id for document with description with the letter 'w' in it?,"SELECT document_name ,  template_id FROM Documents WHERE Document_Description LIKE ""%w%""","SELECT Document_Name, Template_ID FROM Documents WHERE Document_Description = 'w'",False,True,,where_error,where_error,WHERE conditions differ (operators / conjunctions / count)
dev_00305,cre_Doc_Template_Mgt,easy,How many different templates do all document use?,SELECT count(DISTINCT template_id) FROM Documents,SELECT count(*) FROM Templates,False,False,,schema_linking_error,schema_linking_error|wrong_table|wrong_column,missed linked gold element(s): Documents (table link); used linked but wrong element(s): Templates; tables gold=['Documents'] pred=['Templates']; missing columns: Documents.Template_ID
dev_00314,cre_Doc_Template_Mgt,easy,What are the template ids of any templates used in more than a single document?,SELECT template_id FROM Documents GROUP BY template_id HAVING count(*)  >  1,SELECT T1.Template_ID FROM Templates AS T1 JOIN Documents AS T2 ON T1.Template_ID = T2.Template_ID GROUP BY T2.Template_ID HAVING count(*) > 'value',False,False,,schema_linking_error,schema_linking_error|wrong_table|wrong_column,"used linked but wrong element(s): Templates; tables gold=['Documents'] pred=['Documents', 'Templates']; extra columns: Templates.Template_ID"
dev_00328,cre_Doc_Template_Mgt,medium,Return the version numbers and template type codes of templates with a version number greater than 5.,"SELECT version_number ,  template_type_code FROM Templates WHERE version_number  >  5","SELECT Version_Number, Template_Type_Code FROM Templates GROUP BY Template_Type_Code HAVING count(*) > 5",False,False,,where_error,where_error|group_by_error,WHERE conditions differ (operators / conjunctions / count); GROUP BY / HAVING differs
dev_00335,cre_Doc_Template_Mgt,medium,What the smallest version number and its template type code?,"SELECT min(Version_Number) ,  template_type_code FROM Templates","SELECT Version_Number, Template_Type_Code FROM Templates",False,False,,aggregation_error,aggregation_error,aggregation functions differ
dev_00336,cre_Doc_Template_Mgt,medium,"Return the lowest version number, along with its corresponding template type code.","SELECT min(Version_Number) ,  template_type_code FROM Templates","SELECT Version_Number, Template_Type_Code FROM Templates",False,False,,aggregation_error,aggregation_error,aggregation functions differ
dev_00339,cre_Doc_Template_Mgt,medium,Show all document names using templates with template type code BK.,"SELECT T2.document_name FROM Templates AS T1 JOIN Documents AS T2 ON T1.template_id  =  T2.template_id WHERE T1.template_type_code  =  ""BK""",SELECT Documents.Document_Name FROM Templates WHERE Template_Type_Code = 'BK',False,False,no such column: Documents.Document_Name,schema_linking_error,schema_linking_error|wrong_table,"missed linked gold element(s): Documents (table link); tables gold=['Documents', 'Templates'] pred=['Templates']"
dev_00341,cre_Doc_Template_Mgt,medium,Show all template type codes and the number of documents using each type.,"SELECT T1.template_type_code ,  count(*) FROM Templates AS T1 JOIN Documents AS T2 ON T1.template_id  =  T2.template_id GROUP BY T1.template_type_code","SELECT Template_Type_Code, count(*) FROM Templates GROUP BY Template_Type_Code",False,False,,schema_linking_error,schema_linking_error|wrong_table,"missed linked gold element(s): Documents (table link); tables gold=['Documents', 'Templates'] pred=['Templates']"
dev_00342,cre_Doc_Template_Mgt,medium,"What are the different template type codes, and how many documents use each type?","SELECT T1.template_type_code ,  count(*) FROM Templates AS T1 JOIN Documents AS T2 ON T1.template_id  =  T2.template_id GROUP BY T1.template_type_code","SELECT Template_Type_Code, count(*) FROM Templates GROUP BY Template_Type_Code",False,False,,schema_linking_error,schema_linking_error|wrong_table,"missed linked gold element(s): Documents (table link); tables gold=['Documents', 'Templates'] pred=['Templates']"
dev_00343,cre_Doc_Template_Mgt,extra,Which template type code is used by most number of documents?,SELECT T1.template_type_code FROM Templates AS T1 JOIN Documents AS T2 ON T1.template_id  =  T2.template_id GROUP BY T1.template_type_code ORDER BY count(*) DESC LIMIT 1,SELECT Template_Type_Code FROM Templates GROUP BY Template_Type_Code ORDER BY count(*) DESC LIMIT 1,False,False,,schema_linking_error,schema_linking_error|wrong_table,"missed linked gold element(s): Documents (table link); tables gold=['Documents', 'Templates'] pred=['Templates']"
dev_00344,cre_Doc_Template_Mgt,extra,Return the code of the template type that is most commonly used in documents.,SELECT T1.template_type_code FROM Templates AS T1 JOIN Documents AS T2 ON T1.template_id  =  T2.template_id GROUP BY T1.template_type_code ORDER BY count(*) DESC LIMIT 1,SELECT Template_Type_Code FROM Templates GROUP BY Template_Type_Code ORDER BY count(*) DESC LIMIT 1,False,False,,schema_linking_error,schema_linking_error|wrong_table,"missed linked gold element(s): Documents (table link); tables gold=['Documents', 'Templates'] pred=['Templates']"
dev_00345,cre_Doc_Template_Mgt,hard,Show all template type codes that are not used by any document.,SELECT template_type_code FROM Templates EXCEPT SELECT template_type_code FROM Templates AS T1 JOIN Documents AS T2 ON T1.template_id  =  T2.template_id,SELECT Templates.Template_Type_Code FROM Ref_Template_Types EXCEPT SELECT Template_Type_Code FROM Templates,False,False,no such column: Templates.Template_Type_Code,schema_linking_error,schema_linking_error|wrong_table,"missed linked gold element(s): Documents (table link); tables gold=['Documents', 'Templates'] pred=['Ref_Template_Types', 'Templates']"
dev_00346,cre_Doc_Template_Mgt,hard,What are the codes of template types that are not used for any document?,SELECT template_type_code FROM Templates EXCEPT SELECT template_type_code FROM Templates AS T1 JOIN Documents AS T2 ON T1.template_id  =  T2.template_id,SELECT Template_Type_Code FROM Ref_Template_Types EXCEPT SELECT Template_Type_Code FROM Templates,False,False,,schema_linking_error,schema_linking_error|wrong_table|wrong_column,"missed linked gold element(s): Documents (table link); tables gold=['Documents', 'Templates'] pred=['Ref_Template_Types', 'Templates']; extra columns: Ref_Template_Types.Template_Type_Code"
dev_00353,cre_Doc_Template_Mgt,medium,What are the distinct template type descriptions for the templates ever used by any document?,SELECT DISTINCT T1.template_type_description FROM Ref_template_types AS T1 JOIN Templates AS T2 ON T1.template_type_code  = T2.template_type_code JOIN Documents AS T3 ON T2.Template_ID  =  T3.template_ID,SELECT DISTINCT T2.Template_Type_Description FROM Templates AS T1 JOIN Ref_Template_Types AS T2 ON T1.Template_Type_Code = T2.Template_Type_Code,False,False,,schema_linking_error,schema_linking_error|wrong_table,"missed linked gold element(s): Documents (table link); tables gold=['Documents', 'Ref_Template_Types', 'Templates'] pred=['Ref_Template_Types', 'Templates']"
dev_00354,cre_Doc_Template_Mgt,medium,Return the different descriptions for templates that have been used in a document.,SELECT DISTINCT T1.template_type_description FROM Ref_template_types AS T1 JOIN Templates AS T2 ON T1.template_type_code  = T2.template_type_code JOIN Documents AS T3 ON T2.Template_ID  =  T3.template_ID,SELECT DISTINCT T2.Template_Type_Description FROM Templates AS T1 JOIN Ref_Template_Types AS T2 ON T1.Template_Type_Code = T2.Template_Type_Code,False,False,,schema_linking_error,schema_linking_error|wrong_table,"missed linked gold element(s): Documents (table link); tables gold=['Documents', 'Ref_Template_Types', 'Templates'] pred=['Ref_Template_Types', 'Templates']"
dev_00361,cre_Doc_Template_Mgt,medium,Show paragraph details for paragraph with text 'Korea ' .,select other_details from paragraphs where paragraph_text like 'korea',SELECT Other_Details FROM Paragraphs WHERE Paragraph_Text = 'Korea',False,True,,where_error,where_error,WHERE conditions differ (operators / conjunctions / count)
dev_00362,cre_Doc_Template_Mgt,medium,What are the details for the paragraph that includes the text 'Korea ' ?,select other_details from paragraphs where paragraph_text like 'korea',SELECT Other_Details FROM Paragraphs WHERE Paragraph_Text = 'Korea',False,True,,where_error,where_error,WHERE conditions differ (operators / conjunctions / count)
dev_00367,cre_Doc_Template_Mgt,medium,Show all document ids and the number of paragraphs in each document. Order by document id.,"SELECT document_id ,  count(*) FROM Paragraphs GROUP BY document_id ORDER BY document_id","SELECT Document_ID, count(*) FROM Paragraphs GROUP BY Document_ID ORDER BY count(*) ASC",False,False,,order_by_error,order_by_error,"ORDER BY differs (gold ('asc', [(0, (0, 15, False), None)]) limit=None; pred ('asc', [(0, (3, 0, False), None)]) limit=None)"
dev_00368,cre_Doc_Template_Mgt,medium,"Return the different document ids along with the number of paragraphs corresponding to each, ordered by id.","SELECT document_id ,  count(*) FROM Paragraphs GROUP BY document_id ORDER BY document_id","SELECT Document_ID, count(*) FROM Paragraphs GROUP BY Document_ID ORDER BY count(*) ASC",False,False,,order_by_error,order_by_error,"ORDER BY differs (gold ('asc', [(0, (0, 15, False), None)]) limit=None; pred ('asc', [(0, (3, 0, False), None)]) limit=None)"
dev_00377,cre_Doc_Template_Mgt,easy,What is the document id with 1 to 2 paragraphs?,SELECT document_id FROM Paragraphs GROUP BY document_id HAVING count(*) BETWEEN 1 AND 2,SELECT Document_ID FROM Paragraphs WHERE Paragraph_ID = 1 OR Paragraph_ID = 2,False,False,,wrong_column,wrong_column|where_error|group_by_error,extra columns: Paragraphs.Paragraph_ID; WHERE conditions differ (operators / conjunctions / count); GROUP BY / HAVING differs
dev_00387,course_teach,easy,List the name of teachers whose hometown is not `` Little Lever Urban District '' .,"select name from teacher where hometown != ""little lever urban district""",SELECT Name FROM teacher WHERE Hometown != 'Little Lever Urban District',True,False,,wrong_value,wrong_value,structure matches but execution result differs (literal values / LIMIT / DISTINCT)
dev_00388,course_teach,easy,What are the names of the teachers whose hometown is not `` Little Lever Urban District '' ?,"select name from teacher where hometown != ""little lever urban district""",SELECT Name FROM teacher WHERE Hometown != 'Little Lever Urban District',True,False,,wrong_value,wrong_value,structure matches but execution result differs (literal values / LIMIT / DISTINCT)
dev_00392,course_teach,medium,Where is the youngest teacher from?,SELECT Hometown FROM teacher ORDER BY Age ASC LIMIT 1,SELECT Name FROM teacher WHERE Age = (SELECT max(Age) FROM teacher),False,False,,nested_query_error,nested_query_error|wrong_join|wrong_column|where_error|order_by_error,"nesting differs (gold sub-queries=0 set-ops=[]; pred sub-queries=1 set-ops=[]); missing columns: teacher.Hometown; extra columns: teacher.Name; same tables but different join conditions / number of table units; WHERE conditions differ (operators / conjunctions / count); ORDER BY differs (gold ('asc', [(0, (0, 6, False), None)]) limit=1; pred none limit=None)"
dev_00399,course_teach,medium,Show names of teachers and the courses they are arranged to teach.,"SELECT T3.Name ,  T2.Course FROM course_arrange AS T1 JOIN course AS T2 ON T1.Course_ID  =  T2.Course_ID JOIN teacher AS T3 ON T1.Teacher_ID  =  T3.Teacher_ID","SELECT T2.Name, course.Course FROM course_arrange AS T1 JOIN teacher AS T2 JOIN teacher AS T3 ON course.Course_ID = T1.Course_ID AND T1.Teacher_ID = T2.Teacher_ID",False,False,no such column: course.Course,schema_linking_error,schema_linking_error|wrong_table,"missed linked gold element(s): course (table link); tables gold=['course', 'course_arrange', 'teacher'] pred=['course_arrange', 'teacher']"
dev_00401,course_teach,hard,Show names of teachers and the courses they are arranged to teach in ascending alphabetical order of the teacher's name.,"SELECT T3.Name ,  T2.Course FROM course_arrange AS T1 JOIN course AS T2 ON T1.Course_ID  =  T2.Course_ID JOIN teacher AS T3 ON T1.Teacher_ID  =  T3.Teacher_ID ORDER BY T3.Name","SELECT T3.Name, T2.Course FROM course_arrange AS T1 JOIN course AS T2 JOIN teacher AS T3 ON T1.Course_ID = T3.Teacher_ID AND T1.Teacher_ID = T3.Teacher_ID ORDER BY T3.Name ASC",True,False,,wrong_join,wrong_join|wrong_value,same tables but different join conditions / number of table units; structure matches but execution result differs (literal values / LIMIT / DISTINCT)
dev_00402,course_teach,hard,What are the names of the teachers and the courses they teach in ascending alphabetical order by the name of the teacher?,"SELECT T3.Name ,  T2.Course FROM course_arrange AS T1 JOIN course AS T2 ON T1.Course_ID  =  T2.Course_ID JOIN teacher AS T3 ON T1.Teacher_ID  =  T3.Teacher_ID ORDER BY T3.Name","SELECT Name, course.Course FROM teacher ORDER BY Name ASC",False,False,no such column: course.Course,schema_linking_error,schema_linking_error|wrong_table,"missed linked gold element(s): course (table link); tables gold=['course', 'course_arrange', 'teacher'] pred=['teacher']"
dev_00405,course_teach,medium,Show names of teachers and the number of courses they teach.,"SELECT T2.Name ,  COUNT(*) FROM course_arrange AS T1 JOIN teacher AS T2 ON T1.Teacher_ID  =  T2.Teacher_ID GROUP BY T2.Name","SELECT T2.Name, count(*) FROM course_arrange AS T1 JOIN teacher AS T2 ON T1.Course_ID = T2.Teacher_ID GROUP BY T2.Teacher_ID",False,False,,wrong_join,wrong_join|wrong_column|group_by_error,extra columns: teacher.Teacher_ID; same tables but different join conditions / number of table units; GROUP BY / HAVING differs
dev_00406,course_teach,medium,What are the names of the teachers and how many courses do they teach?,"SELECT T2.Name ,  COUNT(*) FROM course_arrange AS T1 JOIN teacher AS T2 ON T1.Teacher_ID  =  T2.Teacher_ID GROUP BY T2.Name","SELECT T1.Name, count(*) FROM teacher AS T1 JOIN course_arrange AS T2 ON T2.Course_ID = T1.Teacher_ID GROUP BY T1.Teacher_ID",False,False,,wrong_join,wrong_join|wrong_column|group_by_error,extra columns: teacher.Teacher_ID; same tables but different join conditions / number of table units; GROUP BY / HAVING differs
dev_00407,course_teach,medium,Show names of teachers that teach at least two courses.,SELECT T2.Name FROM course_arrange AS T1 JOIN teacher AS T2 ON T1.Teacher_ID  =  T2.Teacher_ID GROUP BY T2.Name HAVING COUNT(*)  >=  2,SELECT T2.Name FROM course_arrange AS T1 JOIN teacher AS T2 ON T1.Teacher_ID = T2.Teacher_ID GROUP BY T2.Teacher_ID HAVING count(*) >= 2,False,True,,wrong_column,wrong_column|group_by_error,extra columns: teacher.Teacher_ID; GROUP BY / HAVING differs
dev_00408,course_teach,medium,What are the names of the teachers who teach at least two courses?,SELECT T2.Name FROM course_arrange AS T1 JOIN teacher AS T2 ON T1.Teacher_ID  =  T2.Teacher_ID GROUP BY T2.Name HAVING COUNT(*)  >=  2,SELECT T2.Name FROM course_arrange AS T1 JOIN teacher AS T2 ON T1.Course_ID = T2.Teacher_ID GROUP BY T2.Teacher_ID HAVING count(*) >= 2,False,False,,wrong_join,wrong_join|wrong_column|group_by_error,extra columns: teacher.Teacher_ID; same tables but different join conditions / number of table units; GROUP BY / HAVING differs
dev_00411,museum_visit,easy,How many visitors below age 30 are there?,SELECT count(*) FROM visitor WHERE age  <  30,SELECT count(*) FROM visitor AS T1 JOIN visit AS T2 ON T1.ID = T2.visitor_ID WHERE T1.Age < 30,False,False,,wrong_table,wrong_table,"tables gold=['visitor'] pred=['visit', 'visitor']"
dev_00412,museum_visit,medium,"Find the names of the visitors whose membership level is higher than 4, and order the results by the level from high to low.",SELECT name FROM visitor WHERE Level_of_membership  >  4 ORDER BY Level_of_membership DESC,"SELECT T1.Name FROM visitor AS T1 JOIN visit AS T2 ON T1.ID = T2.visitor_ID WHERE T1.Level_of_membership > 4 ORDER BY T1.Level_of_membership ASC, T1.Level_of_membership ASC",False,False,,wrong_table,wrong_table|order_by_error,"tables gold=['visitor'] pred=['visit', 'visitor']; ORDER BY differs (gold ('desc', [(0, (0, 7, False), None)]) limit=None; pred ('asc', [(0, (0, 7, False), None), (0, (0, 7, False), None)]) limit=None)"
dev_00413,museum_visit,easy,What is the average age of the visitors whose membership level is not higher than 4?,SELECT avg(age) FROM visitor WHERE Level_of_membership  <=  4,SELECT avg(Age) FROM visitor WHERE Level_of_membership > 4,False,False,,where_error,where_error,WHERE conditions differ (operators / conjunctions / count)
dev_00414,museum_visit,medium,"Find the name and membership level of the visitors whose membership level is higher than 4, and sort by their age from old to young.","SELECT name ,  Level_of_membership FROM visitor WHERE Level_of_membership  >  4 ORDER BY age DESC","SELECT T1.Name, T1.Level_of_membership FROM visitor AS T1 JOIN visit AS T2 ON T1.ID = T2.visitor_ID WHERE T1.Age > 4 ORDER BY T1.Age ASC, T1.Age ASC",False,False,,wrong_table,wrong_table|where_error|order_by_error,"tables gold=['visitor'] pred=['visit', 'visitor']; WHERE conditions differ (operators / conjunctions / count); ORDER BY differs (gold ('desc', [(0, (0, 8, False), None)]) limit=None; pred ('asc', [(0, (0, 8, False), None), (0, (0, 8, False), None)]) limit=None)"
dev_00418,museum_visit,hard,find the names of museums which have more staff than the minimum staff number of all museums opened after 2010.,SELECT name FROM museum WHERE num_of_staff  >  (SELECT min(num_of_staff) FROM museum WHERE open_year  >  2010),SELECT Name FROM museum WHERE Open_Year > 2010 INTERSECT SELECT Name FROM museum WHERE Num_of_Staff > 2010,False,False,,nested_query_error,nested_query_error|where_error,nesting differs (gold sub-queries=1 set-ops=[]; pred sub-queries=0 set-ops=['intersect']); WHERE conditions differ (operators / conjunctions / count)
dev_00419,museum_visit,medium,"find the id, name and age for visitors who visited some museums more than once.","SELECT t1.id ,  t1.name ,  t1.age FROM visitor AS t1 JOIN visit AS t2 ON t1.id  =  t2.visitor_id GROUP BY t1.id HAVING count(*)  >  1","SELECT T1.Museum_ID, T1.Name, visitor.Age FROM museum AS T1 JOIN visit AS T2 ON T1.Museum_ID = T2.Museum_ID GROUP BY T1.Museum_ID HAVING count(*) > 'value'",False,False,no such column: visitor.Age,schema_linking_error,schema_linking_error|wrong_table|wrong_column|group_by_error,"missed linked gold element(s): visitor.Name (link EM); used linked but wrong element(s): museum.Name, museum; tables gold=['visit', 'visitor'] pred=['museum', 'visit']; missing columns: visitor.ID, visitor.Name; extra columns: museum.Museum_ID, museum.Name; GROUP BY / HAVING differs"
dev_00420,museum_visit,extra,"What are the id, name and membership level of visitors who have spent the largest amount of money in total in all museum tickets?","SELECT t2.visitor_id ,  t1.name ,  t1.Level_of_membership FROM visitor AS t1 JOIN visit AS t2 ON t1.id  =  t2.visitor_id GROUP BY t2.visitor_id ORDER BY sum(t2.Total_spent) DESC LIMIT 1","SELECT T1.Museum_ID, T2.Name, T1.Num_of_Ticket FROM visit AS T1 JOIN museum AS T2 JOIN visit AS T3 ON T1.Museum_ID = T1.Museum_ID AND visitor.ID = T1.visitor_ID GROUP BY visitor.ID ORDER BY sum(T1.Total_spent) DESC LIMIT 1",False,False,no such column: visitor.ID,schema_linking_error,schema_linking_error|wrong_table|wrong_column,"missed linked gold element(s): visitor.Name (link EM); used linked but wrong element(s): museum.Name, museum; tables gold=['visit', 'visitor'] pred=['museum', 'visit']; missing columns: visitor.Name, visitor.Level_of_membership, visit.visitor_ID; extra columns: museum.Name, visitor.ID, visit.Museum_ID, visit.Num_of_Ticket"
dev_00423,museum_visit,hard,Find the name and age of the visitor who bought the most tickets at once.,"SELECT t1.name ,  t1.age FROM visitor AS t1 JOIN visit AS t2 ON t1.id  =  t2.visitor_id ORDER BY t2.num_of_ticket DESC LIMIT 1","SELECT T1.Name, T1.Age FROM visitor AS T1 JOIN visit AS T2 ON museum.Museum_ID = T2.visitor_ID WHERE T2.Num_of_Ticket <= (SELECT max(Num_of_Ticket) FROM visit)",False,False,no such column: museum.Museum_ID,nested_query_error,nested_query_error|wrong_join|where_error|order_by_error,"nesting differs (gold sub-queries=0 set-ops=[]; pred sub-queries=1 set-ops=[]); same tables but different join conditions / number of table units; WHERE conditions differ (operators / conjunctions / count); ORDER BY differs (gold ('desc', [(0, (0, 11, False), None)]) limit=1; pred none limit=None)"
dev_00425,museum_visit,medium,What is the total ticket expense of the visitors whose membership level is 1?,SELECT sum(t2.Total_spent) FROM visitor AS t1 JOIN visit AS t2 ON t1.id  =  t2.visitor_id WHERE t1.Level_of_membership  =  1,SELECT sum(T2.Num_of_Ticket) FROM visitor AS T1 JOIN visit AS T2 ON T1.ID = T2.visitor_ID WHERE T1.Level_of_membership = 1,False,False,,wrong_column,wrong_column,missing columns: visit.Total_spent; extra columns: visit.Num_of_Ticket
dev_00426,museum_visit,extra,What is the name of the visitor who visited both a museum opened before 2009 and a museum opened after 2011?,SELECT t1.name FROM visitor AS t1 JOIN visit AS t2 ON t1.id  =  t2.visitor_id JOIN museum AS t3 ON t3.Museum_ID  =  t2.Museum_ID WHERE t3.open_year  <  2009 INTERSECT SELECT t1.name FROM visitor AS t1 JOIN visit AS t2 ON t1.id  =  t2.visitor_id JOIN museum AS t3 ON t3.Museum_ID  =  t2.Museum_ID WHERE t3.open_year  >  2011,SELECT Name FROM museum WHERE Open_Year < 2009 INTERSECT SELECT Name FROM museum WHERE Open_Year < 2011,False,False,,schema_linking_error,schema_linking_error|wrong_table|wrong_column|where_error,"missed linked gold element(s): visitor.Name (link EM); used linked but wrong element(s): museum.Name; tables gold=['museum', 'visit', 'visitor'] pred=['museum']; missing columns: visitor.Name; extra columns: museum.Name; WHERE conditions differ (operators / conjunctions / count)"
dev_00427,museum_visit,extra,Find the number of visitors who did not visit any museum opened after 2010.,SELECT count(*) FROM visitor WHERE id NOT IN (SELECT t2.visitor_id FROM museum AS t1 JOIN visit AS t2 ON t1.Museum_ID  =  t2.Museum_ID WHERE t1.open_year  >  2010),SELECT count(*) FROM museum WHERE Museum_ID NOT IN (SELECT visit.Museum_ID FROM museum WHERE Open_Year > 2010),False,False,no such column: visit.Museum_ID,schema_linking_error,schema_linking_error|wrong_table|wrong_column|where_error,"missed linked gold element(s): visit (table link); tables gold=['museum', 'visit', 'visitor'] pred=['museum']; missing columns: visitor.ID, visit.visitor_ID; extra columns: museum.Museum_ID, visit.Museum_ID; WHERE conditions differ (operators / conjunctions / count)"
dev_00435,wta_1,medium,Find the average age of losers and winners of all matches.,"SELECT avg(loser_age) ,  avg(winner_age) FROM matches","SELECT avg(loser_age), winner_age FROM matches",False,False,,aggregation_error,aggregation_error,aggregation functions differ
dev_00436,wta_1,medium,What are the average ages of losers and winners across matches?,"SELECT avg(loser_age) ,  avg(winner_age) FROM matches","SELECT avg(loser_age), winner_age FROM matches",False,False,,aggregation_error,aggregation_error,aggregation functions differ
dev_00439,wta_1,easy,Find the highest rank of losers in all matches.,SELECT min(loser_rank) FROM matches,SELECT max(loser_rank) FROM matches,False,False,,aggregation_error,aggregation_error,aggregation functions differ
dev_00440,wta_1,easy,What is the best rank of losers across all matches?,SELECT min(loser_rank) FROM matches,SELECT loser_rank FROM matches ORDER BY best_of DESC LIMIT 1,False,False,,wrong_column,wrong_column|order_by_error,"extra columns: matches.best_of; ORDER BY differs (gold none limit=None; pred ('desc', [(0, (0, 7, False), None)]) limit=1)"
dev_00446,wta_1,easy,What are the names of tournaments that have more than 10 matches?,SELECT tourney_name FROM matches GROUP BY tourney_name HAVING count(*)  >  10,SELECT winner_name FROM matches GROUP BY winner_name HAVING count(*) > 10,False,False,,wrong_column,wrong_column|group_by_error,missing columns: matches.tourney_name; extra columns: matches.winner_name; GROUP BY / HAVING differs
dev_00453,wta_1,medium,Find the first name and country code of the oldest player.,"SELECT first_name ,  country_code FROM players ORDER BY birth_date LIMIT 1","SELECT first_name, country_code FROM players ORDER BY birth_date DESC LIMIT 1",False,False,,order_by_error,order_by_error,"ORDER BY differs (gold ('asc', [(0, (0, 5, False), None)]) limit=1; pred ('desc', [(0, (0, 5, False), None)]) limit=1)"
dev_00454,wta_1,medium,What is the first name and country code of the oldest player?,"SELECT first_name ,  country_code FROM players ORDER BY birth_date LIMIT 1","SELECT first_name, country_code FROM players ORDER BY birth_date DESC LIMIT 1",False,False,,order_by_error,order_by_error,"ORDER BY differs (gold ('asc', [(0, (0, 5, False), None)]) limit=1; pred ('desc', [(0, (0, 5, False), None)]) limit=1)"
dev_00458,wta_1,medium,"What are the full names of all left handed players, in order of birth date?","SELECT first_name ,  last_name FROM players WHERE hand  =  'L' ORDER BY birth_date","SELECT first_name, last_name FROM players WHERE hand = 'value' ORDER BY birth_date ASC",True,False,,wrong_value,wrong_value,structure matches but execution result differs (literal values / LIMIT / DISTINCT)
dev_00459,wta_1,hard,Find the first name and country code of the player who did the most number of tours.,"SELECT T1.country_code ,  T1.first_name FROM players AS T1 JOIN rankings AS T2 ON T1.player_id  =  T2.player_id ORDER BY T2.tours DESC LIMIT 1","SELECT T1.first_name, T1.country_code FROM players AS T1 JOIN rankings AS T2 ON T1.player_id = T2.player_id GROUP BY T1.first_name ORDER BY count(*) DESC LIMIT 1",False,False,,schema_linking_error,schema_linking_error|wrong_column|group_by_error|order_by_error,"missed linked gold element(s): rankings.tours (link EM); missing columns: rankings.tours; GROUP BY / HAVING differs; ORDER BY differs (gold ('desc', [(0, (0, 43, False), None)]) limit=1; pred ('desc', [(0, (3, 0, False), None)]) limit=1)"
dev_00460,wta_1,hard,What is the first name and country code of the player with the most tours?,"SELECT T1.country_code ,  T1.first_name FROM players AS T1 JOIN rankings AS T2 ON T1.player_id  =  T2.player_id ORDER BY T2.tours DESC LIMIT 1","SELECT first_name, country_code FROM players GROUP BY country_code ORDER BY count(*) DESC LIMIT 1",False,False,,schema_linking_error,schema_linking_error|wrong_table|wrong_column|group_by_error|order_by_error,"missed linked gold element(s): rankings.tours (link EM); tables gold=['players', 'rankings'] pred=['players']; missing columns: rankings.tours; GROUP BY / HAVING differs; ORDER BY differs (gold ('desc', [(0, (0, 43, False), None)]) limit=1; pred ('desc', [(0, (3, 0, False), None)]) limit=1)"
dev_00464,wta_1,hard,"What is the name of the winner who has won the most matches, and how many rank points does this player have?","SELECT winner_name ,  winner_rank_points FROM matches GROUP BY winner_name ORDER BY count(*) DESC LIMIT 1","SELECT winner_name, count(*) FROM matches GROUP BY winner_name ORDER BY count(*) DESC LIMIT 1",False,False,,wrong_column,wrong_column,missing columns: matches.winner_rank_points
dev_00470,wta_1,medium,"What are the first names of all players, and their average rankings?","SELECT avg(ranking) ,  T1.first_name FROM players AS T1 JOIN rankings AS T2 ON T1.player_id  =  T2.player_id GROUP BY T1.first_name","SELECT T1.first_name, avg(T2.ranking) FROM players AS T1 JOIN rankings AS T2 ON T1.player_id = T2.player_id GROUP BY T2.player_id",False,False,,wrong_column,wrong_column|group_by_error,extra columns: rankings.player_id; GROUP BY / HAVING differs
dev_00480,wta_1,medium,How many total tours were there for each ranking date?,"SELECT sum(tours) ,  ranking_date FROM rankings GROUP BY ranking_date","SELECT ranking_date, count(tours) FROM rankings GROUP BY ranking_date",False,False,,aggregation_error,aggregation_error,aggregation functions differ
dev_00484,wta_1,medium,What are the names and ranks of the three youngest winners across all matches?,"SELECT DISTINCT winner_name ,  winner_rank FROM matches ORDER BY winner_age LIMIT 3","SELECT winner_name, winner_rank FROM matches ORDER BY winner_age DESC LIMIT 3",False,False,,order_by_error,order_by_error,"ORDER BY differs (gold ('asc', [(0, (0, 28, False), None)]) limit=3; pred ('desc', [(0, (0, 28, False), None)]) limit=3)"
dev_00485,wta_1,medium,How many different winners both participated in the WTA Championships and were left handed?,SELECT count(DISTINCT winner_name) FROM matches WHERE tourney_name  =  'WTA Championships' AND winner_hand  =  'L',SELECT count(DISTINCT winner_hand) FROM matches WHERE tourney_name = 'WTA Championships',False,True,,wrong_column,wrong_column|where_error,missing columns: matches.winner_name; WHERE conditions differ (operators / conjunctions / count)
dev_00486,wta_1,medium,Find the number of left handed winners who participated in the WTA Championships.,SELECT count(DISTINCT winner_name) FROM matches WHERE tourney_name  =  'WTA Championships' AND winner_hand  =  'L',SELECT count(*) FROM matches WHERE winner_hand = 'value' AND tourney_name = 'WTA Championships',False,False,,wrong_column,wrong_column,missing columns: matches.winner_name
dev_00487,wta_1,hard,"Find the first name, country code and birth date of the winner who has the highest rank points in all matches.","SELECT T1.first_name ,  T1.country_code ,  T1.birth_date FROM players AS T1 JOIN matches AS T2 ON T1.player_id  =  T2.winner_id ORDER BY T2.winner_rank_points DESC LIMIT 1","SELECT T2.first_name, T2.country_code, T2.birth_date FROM matches AS T1 JOIN players AS T2 ON T1.winner_id = T2.player_id ORDER BY T1.loser_rank_points DESC LIMIT 1",False,False,,wrong_column,wrong_column|order_by_error,"missing columns: matches.winner_rank_points; extra columns: matches.loser_rank_points; ORDER BY differs (gold ('desc', [(0, (0, 36, False), None)]) limit=1; pred ('desc', [(0, (0, 17, False), None)]) limit=1)"
dev_00488,wta_1,hard,"What is the first name, country code, and birth date of the player with the most winner rank points across all matches?","SELECT T1.first_name ,  T1.country_code ,  T1.birth_date FROM players AS T1 JOIN matches AS T2 ON T1.player_id  =  T2.winner_id ORDER BY T2.winner_rank_points DESC LIMIT 1","SELECT T2.first_name, T2.country_code, T2.birth_date FROM matches AS T1 JOIN players AS T2 ON T1.winner_id = T2.player_id GROUP BY T1.winner_id ORDER BY sum(T1.winner_rank_points) DESC LIMIT 1",False,True,,wrong_column,wrong_column|group_by_error|order_by_error,"extra columns: matches.winner_id; GROUP BY / HAVING differs; ORDER BY differs (gold ('desc', [(0, (0, 36, False), None)]) limit=1; pred ('desc', [(0, (4, 36, False), None)]) limit=1)"
dev_00493,battle_death,medium,"List the name, date and result of each battle.","SELECT name ,  date FROM battle","SELECT name, date, result FROM battle",False,False,,schema_linking_error,schema_linking_error|wrong_column,used linked but wrong element(s): battle.result; extra columns: battle.result
dev_00494,battle_death,medium,What is maximum and minimum death toll caused each time?,"SELECT max(killed) ,  min(killed) FROM death","SELECT max(injured), min(injured) FROM death",False,False,,wrong_column,wrong_column,missing columns: death.killed; extra columns: death.injured
dev_00495,battle_death,easy,What is the average number of injuries caused each time?,SELECT avg(injured) FROM death,"SELECT avg(injured), min(injured) FROM death",False,False,,wrong_column,wrong_column,SELECT list differs (missing / extra / duplicated items)
dev_00496,battle_death,medium,What are the death and injury situations caused by the ship with tonnage 't'?,"SELECT T1.killed ,  T1.injured FROM death AS T1 JOIN ship AS t2 ON T1.caused_by_ship_id  =  T2.id WHERE T2.tonnage  =  't'","SELECT T1.note, T1.injured FROM death AS T1 JOIN ship AS T2 ON T1.caused_by_ship_id = T2.id WHERE T2.tonnage != 't'",False,False,,wrong_column,wrong_column|where_error,missing columns: death.killed; extra columns: death.note; WHERE conditions differ (operators / conjunctions / count)
dev_00499,battle_death,hard,What are the ids and names of the battles that led to more than 10 people killed in total.,"SELECT T1.id ,  T1.name FROM battle AS T1 JOIN ship AS T2 ON T1.id  =  T2.lost_in_battle JOIN death AS T3 ON T2.id  =  T3.caused_by_ship_id GROUP BY T1.id HAVING sum(T3.killed)  >  10","SELECT T1.id, T1.name FROM battle AS T1 JOIN death AS T2 ON T1.id = T2.caused_by_ship_id GROUP BY T1.id HAVING sum(T2.killed) > 10",False,False,,wrong_table,wrong_table,"tables gold=['battle', 'death', 'ship'] pred=['battle', 'death']"
dev_00500,battle_death,extra,What is the ship id and name that caused most total injuries?,"SELECT T2.id ,  T2.name FROM death AS T1 JOIN ship AS t2 ON T1.caused_by_ship_id  =  T2.id GROUP BY T2.id ORDER BY count(*) DESC LIMIT 1","SELECT T2.id, T2.name FROM death AS T1 JOIN ship AS T2 ON T1.caused_by_ship_id = T2.id GROUP BY T1.caused_by_ship_id ORDER BY sum(T1.injured) DESC LIMIT 1",False,False,,wrong_column,wrong_column|order_by_error,"extra columns: death.caused_by_ship_id, death.injured; ORDER BY differs (gold ('desc', [(0, (3, 0, False), None)]) limit=1; pred ('desc', [(0, (4, 18, False), None)]) limit=1)"
dev_00503,battle_death,extra,How many battles did not lose any ship with tonnage '225'?,SELECT count(*) FROM battle WHERE id NOT IN ( SELECT lost_in_battle FROM ship WHERE tonnage  =  '225' );,SELECT count(*) FROM battle AS T1 JOIN ship AS T2 ON T1.id = T2.lost_in_battle WHERE T2.tonnage != 225,False,False,,nested_query_error,nested_query_error|wrong_join|wrong_column|where_error,"nesting differs (gold sub-queries=1 set-ops=[]; pred sub-queries=0 set-ops=[]); missing columns: battle.id, ship.lost_in_battle; same tables but different join conditions / number of table units; WHERE conditions differ (operators / conjunctions / count)"
dev_00504,battle_death,extra,List the name and date the battle that has lost the ship named 'Lettice' and the ship named 'HMS Atalanta',"SELECT T1.name ,  T1.date FROM battle AS T1 JOIN ship AS T2 ON T1.id  =  T2.lost_in_battle WHERE T2.name  =  'Lettice' INTERSECT SELECT T1.name ,  T1.date FROM battle AS T1 JOIN ship AS T2 ON T1.id  =  T2.lost_in_battle WHERE T2.name  =  'HMS Atalanta'","SELECT T1.name, T1.date FROM battle AS T1 JOIN ship AS T2 ON T2.lost_in_battle = T1.id WHERE T2.name = 'HMS Atalanta'",False,True,,nested_query_error,nested_query_error|wrong_join|where_error,nesting differs (gold sub-queries=0 set-ops=['intersect']; pred sub-queries=0 set-ops=[]); same tables but different join conditions / number of table units; WHERE conditions differ (operators / conjunctions / count)
dev_00505,battle_death,extra,"Show names, results and bulgarian commanders of the battles with no ships lost in the 'English Channel'.","SELECT name ,  RESULT ,  bulgarian_commander FROM battle EXCEPT SELECT T1.name ,  T1.result ,  T1.bulgarian_commander FROM battle AS T1 JOIN ship AS T2 ON T1.id  =  T2.lost_in_battle WHERE T2.location  =  'English Channel'","SELECT name, result, bulgarian_commander FROM battle WHERE id NOT IN (SELECT lost_in_battle FROM ship WHERE location = 'English Channel')",False,True,,nested_query_error,nested_query_error|wrong_join|wrong_column|where_error,"nesting differs (gold sub-queries=0 set-ops=['except']; pred sub-queries=1 set-ops=[]); extra columns: battle.id, ship.lost_in_battle; same tables but different join conditions / number of table units; WHERE conditions differ (operators / conjunctions / count)"
dev_00507,student_transcripts_tracking,medium,what are all the addresses including line 1 and line 2?,"SELECT line_1 ,  line_2 FROM addresses",SELECT line_1 FROM Addresses WHERE line_1 = 1 AND line_1 = 2,False,False,,schema_linking_error,schema_linking_error|wrong_column|where_error,missed linked gold element(s): Addresses.line_2 (link EM); missing columns: Addresses.line_2; WHERE conditions differ (operators / conjunctions / count)
dev_00508,student_transcripts_tracking,medium,What is the first and second line for all addresses?,"SELECT line_1 ,  line_2 FROM addresses","SELECT Students.first_name, line_1 FROM Addresses",False,False,no such column: Students.first_name,wrong_column,wrong_column,missing columns: Addresses.line_2; extra columns: Students.first_name
dev_00517,student_transcripts_tracking,easy,How many departments offer any degree?,SELECT count(DISTINCT department_id) FROM Degree_Programs,SELECT count(*) FROM Departments,False,False,,schema_linking_error,schema_linking_error|wrong_table|wrong_column,used linked but wrong element(s): Departments; tables gold=['Degree_Programs'] pred=['Departments']; missing columns: Degree_Programs.department_id
dev_00526,student_transcripts_tracking,medium,What are the names and ids of every course with less than 2 sections?,"SELECT T1.course_name ,  T1.course_id FROM Courses AS T1 JOIN Sections AS T2 ON T1.course_id  =  T2.course_id GROUP BY T1.course_id HAVING count(*)  <=  2","SELECT T1.course_name, T2.course_id FROM Courses AS T1 JOIN Sections AS T2 ON T1.course_id = T2.course_id GROUP BY T2.course_id HAVING count(*) < 2",False,False,,schema_linking_error,schema_linking_error|wrong_column|group_by_error,missed linked gold element(s): Courses.course_id (link VEM); used linked but wrong element(s): Sections.course_id; missing columns: Courses.course_id; extra columns: Sections.course_id; GROUP BY / HAVING differs
dev_00527,student_transcripts_tracking,easy,List the section_name in reversed lexicographical order.,SELECT section_name FROM Sections ORDER BY section_name DESC,SELECT section_name FROM Sections ORDER BY section_name ASC,False,False,,order_by_error,order_by_error,"ORDER BY differs (gold ('desc', [(0, (0, 25, False), None)]) limit=None; pred ('asc', [(0, (0, 25, False), None)]) limit=None)"
dev_00528,student_transcripts_tracking,easy,What are the names of the sections in reverse alphabetical order?,SELECT section_name FROM Sections ORDER BY section_name DESC,SELECT section_name FROM Sections ORDER BY section_name ASC,False,False,,order_by_error,order_by_error,"ORDER BY differs (gold ('desc', [(0, (0, 25, False), None)]) limit=None; pred ('asc', [(0, (0, 25, False), None)]) limit=None)"
dev_00531,student_transcripts_tracking,medium,What is the description of the department whose name has the substring the computer?,SELECT department_description FROM Departments WHERE department_name LIKE '%computer%',SELECT department_description FROM Departments WHERE department_name = 'computer science',False,True,,where_error,where_error,WHERE conditions differ (operators / conjunctions / count)
dev_00533,student_transcripts_tracking,medium,"Who are enrolled in 2 degree programs in one semester? List the first name, middle name and last name and the id.","SELECT T1.first_name ,  T1.middle_name ,  T1.last_name ,  T1.student_id FROM Students AS T1 JOIN Student_Enrolment AS T2 ON T1.student_id  =  T2.student_id GROUP BY T1.student_id HAVING count(*)  =  2","SELECT T1.first_name, T1.middle_name, T1.last_name FROM Students AS T1 JOIN Student_Enrolment AS T2 ON T2.student_id = T1.student_id GROUP BY T2.semester_id HAVING count(*) = 2",False,False,,schema_linking_error,schema_linking_error|wrong_column|group_by_error,missed linked gold element(s): Students.student_id (link VEM); used linked but wrong element(s): Student_Enrolment.semester_id; missing columns: Students.student_id; extra columns: Student_Enrolment.semester_id; GROUP BY / HAVING differs
dev_00534,student_transcripts_tracking,medium,"What are the first, middle, and last names, along with the ids, of all students who enrolled in 2 degree programs in one semester?","SELECT T1.first_name ,  T1.middle_name ,  T1.last_name ,  T1.student_id FROM Students AS T1 JOIN Student_Enrolment AS T2 ON T1.student_id  =  T2.student_id GROUP BY T1.student_id HAVING count(*)  =  2","SELECT T2.first_name, T2.middle_name, T2.last_name, T2.last_name FROM Student_Enrolment AS T1 JOIN Students AS T2 JOIN Students AS T3 ON T1.student_id = T2.student_id AND T1.student_id = T2.student_id GROUP BY T1.student_id HAVING count(*) = 2",False,False,,schema_linking_error,schema_linking_error|wrong_join|wrong_column,missed linked gold element(s): Students.student_id (link VEM); missing columns: Students.student_id; extra columns: Student_Enrolment.student_id; same tables but different join conditions / number of table units
dev_00535,student_transcripts_tracking,hard,"Who is enrolled in a Bachelor degree program? List the first name, middle name, last name.","SELECT DISTINCT T1.first_name ,  T1.middle_name ,  T1.last_name FROM Students AS T1 JOIN Student_Enrolment AS T2 ON T1.student_id  =  T2.student_id JOIN Degree_Programs AS T3 ON T2.degree_program_id  =  T3.degree_program_id WHERE T3.degree_summary_name  =  'Bachelor'","SELECT Students.first_name, Students.middle_name, Students.last_name FROM Courses AS T1 JOIN Student_Enrolment AS T2 JOIN Degree_Programs AS T3 ON T1.course_id = T2.student_enrolment_id AND T2.degree_program_id = Students.student_id WHERE T3.degree_summary_name = 'Bachelor'",False,False,no such column: Students.first_name,wrong_table,wrong_table,"tables gold=['Degree_Programs', 'Student_Enrolment', 'Students'] pred=['Courses', 'Degree_Programs', 'Student_Enrolment']"
dev_00536,student_transcripts_tracking,hard,"What are the first, middle, and last names for everybody enrolled in a Bachelors program?","SELECT DISTINCT T1.first_name ,  T1.middle_name ,  T1.last_name FROM Students AS T1 JOIN Student_Enrolment AS T2 ON T1.student_id  =  T2.student_id JOIN Degree_Programs AS T3 ON T2.degree_program_id  =  T3.degree_program_id WHERE T3.degree_summary_name  =  'Bachelor'","SELECT T3.first_name, T3.middle_name, T3.last_name FROM Courses AS T1 JOIN Student_Enrolment AS T2 JOIN Students AS T3 JOIN Students AS T4 ON T1.course_id = Student_Enrolment_Courses.course_id AND T2.degree_program_id = T3.student_id AND T2.degree_program_id = T3.student_id WHERE Degree_Programs.degree_summary_name = 'Bachelor'",False,False,no such column: Degree_Programs.degree_summary_name,wrong_table,wrong_table,"tables gold=['Degree_Programs', 'Student_Enrolment', 'Students'] pred=['Courses', 'Student_Enrolment', 'Students']"
dev_00537,student_transcripts_tracking,extra,Find the kind of program which most number of students are enrolled in?,SELECT T1.degree_summary_name FROM Degree_Programs AS T1 JOIN Student_Enrolment AS T2 ON T1.degree_program_id  =  T2.degree_program_id GROUP BY T1.degree_summary_name ORDER BY count(*) DESC LIMIT 1,SELECT * FROM Student_Enrolment_Courses AS T1 JOIN Student_Enrolment AS T2 ON T1.student_enrolment_id = T2.student_enrolment_id GROUP BY T2.degree_program_id ORDER BY count(*) DESC LIMIT 1,False,False,,wrong_table,wrong_table|wrong_column|group_by_error,"tables gold=['Degree_Programs', 'Student_Enrolment'] pred=['Student_Enrolment', 'Student_Enrolment_Courses']; missing columns: Degree_Programs.degree_summary_name; extra columns: Student_Enrolment.degree_program_id; GROUP BY / HAVING differs"
dev_00539,student_transcripts_tracking,extra,Find the program which most number of students are enrolled in. List both the id and the summary.,"SELECT T1.degree_program_id ,  T1.degree_summary_name FROM Degree_Programs AS T1 JOIN Student_Enrolment AS T2 ON T1.degree_program_id  =  T2.degree_program_id GROUP BY T1.degree_program_id ORDER BY count(*) DESC LIMIT 1","SELECT degree_program_id, degree_program_id FROM Student_Enrolment GROUP BY degree_program_id ORDER BY count(*) DESC LIMIT 1",False,False,,wrong_table,wrong_table|wrong_column,"tables gold=['Degree_Programs', 'Student_Enrolment'] pred=['Student_Enrolment']; missing columns: Degree_Programs.degree_program_id, Degree_Programs.degree_summary_name; extra columns: Student_Enrolment.degree_program_id"
dev_00540,student_transcripts_tracking,extra,What is the program id and the summary of the degree that has the most students enrolled?,"SELECT T1.degree_program_id ,  T1.degree_summary_name FROM Degree_Programs AS T1 JOIN Student_Enrolment AS T2 ON T1.degree_program_id  =  T2.degree_program_id GROUP BY T1.degree_program_id ORDER BY count(*) DESC LIMIT 1","SELECT degree_program_id, degree_program_id FROM Student_Enrolment GROUP BY degree_program_id ORDER BY count(*) DESC LIMIT 1",False,False,,wrong_table,wrong_table|wrong_column,"tables gold=['Degree_Programs', 'Student_Enrolment'] pred=['Student_Enrolment']; missing columns: Degree_Programs.degree_program_id, Degree_Programs.degree_summary_name; extra columns: Student_Enrolment.degree_program_id"
dev_00541,student_transcripts_tracking,extra,"Which student has enrolled for the most times in any program? List the id, first name, middle name, last name, the number of enrollments and student id.","SELECT T1.student_id ,  T1.first_name ,  T1.middle_name ,  T1.last_name ,  count(*) ,  T1.student_id FROM Students AS T1 JOIN Student_Enrolment AS T2 ON T1.student_id  =  T2.student_id GROUP BY T1.student_id ORDER BY count(*) DESC LIMIT 1","SELECT T1.student_id, T1.first_name, T1.middle_name, count(*) FROM Students AS T1 JOIN Student_Enrolment AS T2 ON T2.student_id = T1.student_id GROUP BY T1.student_id ORDER BY count(*) DESC LIMIT 1",False,False,,schema_linking_error,schema_linking_error|wrong_column,missed linked gold element(s): Students.last_name (link EM); missing columns: Students.last_name
dev_00542,student_transcripts_tracking,extra,"What is the first, middle, and last name, along with the id and number of enrollments, for the student who enrolled the most in any program?","SELECT T1.student_id ,  T1.first_name ,  T1.middle_name ,  T1.last_name ,  count(*) ,  T1.student_id FROM Students AS T1 JOIN Student_Enrolment AS T2 ON T1.student_id  =  T2.student_id GROUP BY T1.student_id ORDER BY count(*) DESC LIMIT 1","SELECT T2.first_name, T2.middle_name, T2.last_name, count(*) FROM Student_Enrolment AS T1 JOIN Students AS T2 ON T1.student_id = T2.student_id GROUP BY T2.student_id ORDER BY count(*) DESC LIMIT 1",False,False,,wrong_column,wrong_column,SELECT list differs (missing / extra / duplicated items)
dev_00543,student_transcripts_tracking,hard,Which semesters do not have any student enrolled? List the semester name.,SELECT semester_name FROM Semesters WHERE semester_id NOT IN( SELECT semester_id FROM Student_Enrolment ),SELECT semester_name FROM Semesters EXCEPT SELECT T1.semester_name FROM Semesters AS T1 JOIN Student_Enrolment AS T2 ON T1.semester_id = T2.semester_id,False,True,,nested_query_error,nested_query_error|wrong_join|wrong_column|where_error,"nesting differs (gold sub-queries=1 set-ops=[]; pred sub-queries=0 set-ops=['except']); missing columns: Semesters.semester_id, Student_Enrolment.semester_id; same tables but different join conditions / number of table units; WHERE conditions differ (operators / conjunctions / count)"
dev_00544,student_transcripts_tracking,hard,What is the name of the semester with no students enrolled?,SELECT semester_name FROM Semesters WHERE semester_id NOT IN( SELECT semester_id FROM Student_Enrolment ),SELECT semester_name FROM Semesters EXCEPT SELECT T1.semester_name FROM Semesters AS T1 JOIN Student_Enrolment AS T2 ON T1.semester_id = T2.semester_id,False,True,,nested_query_error,nested_query_error|wrong_join|wrong_column|where_error,"nesting differs (gold sub-queries=1 set-ops=[]; pred sub-queries=0 set-ops=['except']); missing columns: Semesters.semester_id, Student_Enrolment.semester_id; same tables but different join conditions / number of table units; WHERE conditions differ (operators / conjunctions / count)"
dev_00546,student_transcripts_tracking,easy,What are the names of all courses that have some students enrolled?,SELECT DISTINCT T1.course_name FROM Courses AS T1 JOIN Student_Enrolment_Courses AS T2 ON T1.course_id  =  T2.course_id,SELECT T1.course_name FROM Courses AS T1 JOIN Student_Enrolment_Courses AS T2 ON T1.course_id = T2.course_id,True,False,,wrong_value,wrong_value,structure matches but execution result differs (literal values / LIMIT / DISTINCT)
dev_00548,student_transcripts_tracking,extra,What is the name of the course with the most students enrolled?,SELECT  T1.course_name FROM Courses AS T1 JOIN Student_Enrolment_Courses AS T2 ON T1.course_id  =  T2.course_id GROUP BY T1.course_name ORDER BY count(*) DESC LIMIT 1,SELECT T1.course_name FROM Courses AS T1 JOIN Student_Enrolment_Courses AS T2 ON T1.course_id = T2.course_id GROUP BY T2.course_id ORDER BY count(*) DESC LIMIT 1,False,False,,wrong_column,wrong_column|group_by_error,extra columns: Student_Enrolment_Courses.course_id; GROUP BY / HAVING differs
dev_00549,student_transcripts_tracking,extra,Find the last name of the students who currently live in the state of North Carolina but have not registered in any degree program.,SELECT T1.last_name FROM Students AS T1 JOIN Addresses AS T2 ON T1.current_address_id  =  T2.address_id WHERE T2.state_province_county  =  'NorthCarolina' EXCEPT SELECT DISTINCT T3.last_name FROM Students AS T3 JOIN Student_Enrolment AS T4 ON T3.student_id  =  T4.student_id,SELECT T2.last_name FROM Addresses AS T1 JOIN Students AS T2 ON T1.address_id = T2.current_address_id WHERE T1.city = 'North Omer' EXCEPT SELECT T4.last_name FROM Addresses AS T3 JOIN Students AS T4 ON T3.address_id = Student_Enrolment.student_id WHERE T3.state_province_county = 'value',False,False,no such column: Student_Enrolment.student_id,wrong_table,wrong_table|wrong_column|where_error,"tables gold=['Addresses', 'Student_Enrolment', 'Students'] pred=['Addresses', 'Students']; extra columns: Addresses.city; WHERE conditions differ (operators / conjunctions / count)"
dev_00550,student_transcripts_tracking,extra,What are the last name of the students who live in North Carolina but have not registered in any degree programs?,SELECT T1.last_name FROM Students AS T1 JOIN Addresses AS T2 ON T1.current_address_id  =  T2.address_id WHERE T2.state_province_county  =  'NorthCarolina' EXCEPT SELECT DISTINCT T3.last_name FROM Students AS T3 JOIN Student_Enrolment AS T4 ON T3.student_id  =  T4.student_id,SELECT last_name FROM Students WHERE Addresses.city = 'North Omer' EXCEPT SELECT T3.last_name FROM Addresses AS T1 JOIN Student_Enrolment AS T2 JOIN Students AS T3 ON T1.address_id = T2.student_id AND T1.address_id = T2.student_id WHERE T1.city = 'value',False,False,no such column: Addresses.city,wrong_join,wrong_join|wrong_column|where_error,missing columns: Addresses.state_province_county; extra columns: Addresses.city; same tables but different join conditions / number of table units; WHERE conditions differ (operators / conjunctions / count)
dev_00554,student_transcripts_tracking,medium,What is the mobile phone number of the student named Timmothy Ward ?,select cell_mobile_number from students where first_name  =  'timmothy' and last_name  =  'ward',SELECT cell_mobile_number FROM Students WHERE first_name = 'Timmothy' AND last_name = 'Ward',True,False,,wrong_value,wrong_value,structure matches but execution result differs (literal values / LIMIT / DISTINCT)
dev_00555,student_transcripts_tracking,medium,"Who is the first student to register? List the first name, middle name and last name.","SELECT first_name ,  middle_name ,  last_name FROM Students ORDER BY date_first_registered ASC LIMIT 1","SELECT first_name, middle_name, last_name FROM Students",False,False,,wrong_column,wrong_column|order_by_error,"missing columns: Students.date_first_registered; ORDER BY differs (gold ('asc', [(0, (0, 41, False), None)]) limit=1; pred none limit=None)"
dev_00556,student_transcripts_tracking,medium,"What is the first, middle, and last name of the first student to register?","SELECT first_name ,  middle_name ,  last_name FROM Students ORDER BY date_first_registered ASC LIMIT 1","SELECT first_name, middle_name, last_name FROM Students",False,False,,wrong_column,wrong_column|order_by_error,"missing columns: Students.date_first_registered; ORDER BY differs (gold ('asc', [(0, (0, 41, False), None)]) limit=1; pred none limit=None)"
dev_00557,student_transcripts_tracking,medium,"Who is the earliest graduate of the school? List the first name, middle name and last name.","SELECT first_name ,  middle_name ,  last_name FROM Students ORDER BY date_left ASC LIMIT 1","SELECT first_name, middle_name, last_name FROM Students ORDER BY last_name ASC LIMIT 1",False,False,,wrong_column,wrong_column|order_by_error,"missing columns: Students.date_left; ORDER BY differs (gold ('asc', [(0, (0, 42, False), None)]) limit=1; pred ('asc', [(0, (0, 37, False), None)]) limit=1)"
dev_00558,student_transcripts_tracking,medium,"What is the first, middle, and last name of the earliest school graduate?","SELECT first_name ,  middle_name ,  last_name FROM Students ORDER BY date_left ASC LIMIT 1","SELECT first_name, middle_name, last_name FROM Students WHERE last_name = (SELECT min(last_name) FROM Students)",False,False,,nested_query_error,nested_query_error|wrong_join|wrong_column|where_error|order_by_error,"nesting differs (gold sub-queries=0 set-ops=[]; pred sub-queries=1 set-ops=[]); missing columns: Students.date_left; same tables but different join conditions / number of table units; WHERE conditions differ (operators / conjunctions / count); ORDER BY differs (gold ('asc', [(0, (0, 42, False), None)]) limit=1; pred none limit=None)"
dev_00559,student_transcripts_tracking,easy,Whose permanent address is different from his or her current address? List his or her first name.,SELECT first_name FROM Students WHERE current_address_id != permanent_address_id,"SELECT first_name, current_address_id FROM Students",False,False,,aggregation_error,aggregation_error|where_error,aggregation functions differ; WHERE conditions differ (operators / conjunctions / count)
dev_00560,student_transcripts_tracking,easy,What is the first name of the student whose permanent address is different from his or her current one?,SELECT first_name FROM Students WHERE current_address_id != permanent_address_id,"SELECT first_name, current_address_id FROM Students WHERE date_left LIKE '%1%'",False,False,,wrong_column,wrong_column|where_error,extra columns: Students.date_left; WHERE conditions differ (operators / conjunctions / count)
dev_00561,student_transcripts_tracking,extra,Which address holds the most number of students currently? List the address id and all lines.,"SELECT T1.address_id ,  T1.line_1 ,  T1.line_2 FROM Addresses AS T1 JOIN Students AS T2 ON T1.address_id  =  T2.current_address_id GROUP BY T1.address_id ORDER BY count(*) DESC LIMIT 1","SELECT T2.current_address_id, T2.current_address_id FROM Addresses AS T1 JOIN Students AS T2 ON T1.address_id = T2.permanent_address_id GROUP BY T2.current_address_id ORDER BY count(*) DESC LIMIT 1",False,False,,schema_linking_error,schema_linking_error|wrong_join|wrong_column,"missed linked gold element(s): Addresses.address_id (link EM); missing columns: Addresses.address_id, Addresses.line_1, Addresses.line_2; extra columns: Students.current_address_id; same tables but different join conditions / number of table units"
dev_00565,student_transcripts_tracking,medium,When is the first transcript released? List the date and details.,"SELECT transcript_date ,  other_details FROM Transcripts ORDER BY transcript_date ASC LIMIT 1","SELECT transcript_date, other_details FROM Transcripts",False,False,,order_by_error,order_by_error,"ORDER BY differs (gold ('asc', [(0, (0, 53, False), None)]) limit=1; pred none limit=None)"
dev_00566,student_transcripts_tracking,medium,"What is the earliest date of a transcript release, and what details can you tell me?","SELECT transcript_date ,  other_details FROM Transcripts ORDER BY transcript_date ASC LIMIT 1","SELECT transcript_date, other_details FROM Transcripts",False,False,,order_by_error,order_by_error,"ORDER BY differs (gold ('asc', [(0, (0, 53, False), None)]) limit=1; pred none limit=None)"
dev_00569,student_transcripts_tracking,medium,What is the last transcript release date?,SELECT transcript_date FROM Transcripts ORDER BY transcript_date DESC LIMIT 1,SELECT transcript_date FROM Transcripts ORDER BY transcript_date ASC LIMIT 1,False,False,,order_by_error,order_by_error,"ORDER BY differs (gold ('desc', [(0, (0, 53, False), None)]) limit=1; pred ('asc', [(0, (0, 53, False), None)]) limit=1)"
dev_00570,student_transcripts_tracking,medium,When was the last transcript released?,SELECT transcript_date FROM Transcripts ORDER BY transcript_date DESC LIMIT 1,SELECT max(transcript_date) FROM Transcripts,False,True,,wrong_column,wrong_column|order_by_error,"SELECT list differs (missing / extra / duplicated items); ORDER BY differs (gold ('desc', [(0, (0, 53, False), None)]) limit=1; pred none limit=None)"
dev_00571,student_transcripts_tracking,hard,How many times at most can a course enrollment result show in different transcripts? Also show the course enrollment id.,"SELECT count(*) ,  student_course_id FROM Transcript_Contents GROUP BY student_course_id ORDER BY count(*) DESC LIMIT 1","SELECT count(*), Transcripts.transcript_id FROM Transcript_Contents AS T1 JOIN Student_Enrolment AS T2 JOIN Student_Enrolment_Courses AS T3 ON Transcripts.transcript_id = T1.transcript_id AND T1.student_course_id = T3.student_course_id GROUP BY Transcripts.transcript_id ORDER BY count(*) DESC LIMIT 1",False,False,no such column: Transcripts.transcript_id,wrong_table,wrong_table|wrong_column|group_by_error,"tables gold=['Transcript_Contents'] pred=['Student_Enrolment', 'Student_Enrolment_Courses', 'Transcript_Contents']; missing columns: Transcript_Contents.student_course_id; extra columns: Transcripts.transcript_id; GROUP BY / HAVING differs"
dev_00572,student_transcripts_tracking,hard,What is the maximum number of times that a course shows up in different transcripts and what is that course's enrollment id?,"SELECT count(*) ,  student_course_id FROM Transcript_Contents GROUP BY student_course_id ORDER BY count(*) DESC LIMIT 1","SELECT max(T2.course_id), min(T2.course_id) FROM Transcript_Contents AS T1 JOIN Student_Enrolment_Courses AS T2 ON Transcripts.transcript_id = T1.student_course_id",False,False,no such column: Transcripts.transcript_id,wrong_table,wrong_table|wrong_column|group_by_error|order_by_error,"tables gold=['Transcript_Contents'] pred=['Student_Enrolment_Courses', 'Transcript_Contents']; missing columns: Transcript_Contents.student_course_id; extra columns: Student_Enrolment_Courses.course_id; GROUP BY / HAVING differs; ORDER BY differs (gold ('desc', [(0, (3, 0, False), None)]) limit=1; pred none limit=None)"
dev_00575,student_transcripts_tracking,extra,Find the semester when both Master students and Bachelor students got enrolled in.,SELECT DISTINCT T2.semester_id FROM Degree_Programs AS T1 JOIN Student_Enrolment AS T2 ON T1.degree_program_id  =  T2.degree_program_id WHERE degree_summary_name  =  'Master' INTERSECT SELECT DISTINCT T2.semester_id FROM Degree_Programs AS T1 JOIN Student_Enrolment AS T2 ON T1.degree_program_id  =  T2.degree_program_id WHERE degree_summary_name  =  'Bachelor',SELECT T1.semester_name FROM Semesters AS T1 JOIN Student_Enrolment AS T2 JOIN Degree_Programs AS T3 ON T1.semester_id = T2.semester_id AND T2.degree_program_id = T3.degree_program_id WHERE T3.degree_summary_name = 'Master' INTERSECT SELECT T4.semester_name FROM Semesters AS T4 JOIN Student_Enrolment AS T5 JOIN Degree_Programs AS T6 ON T4.semester_id = T5.semester_id AND T5.degree_program_id = T6.degree_program_id WHERE T6.degree_summary_name = 'Bachelor',False,False,,schema_linking_error,schema_linking_error|wrong_table|wrong_column,"used linked but wrong element(s): Semesters; tables gold=['Degree_Programs', 'Student_Enrolment'] pred=['Degree_Programs', 'Semesters', 'Student_Enrolment']; missing columns: Student_Enrolment.semester_id; extra columns: Semesters.semester_name"
dev_00576,student_transcripts_tracking,extra,What is the id of the semester that had both Masters and Bachelors students enrolled?,SELECT DISTINCT T2.semester_id FROM Degree_Programs AS T1 JOIN Student_Enrolment AS T2 ON T1.degree_program_id  =  T2.degree_program_id WHERE degree_summary_name  =  'Master' INTERSECT SELECT DISTINCT T2.semester_id FROM Degree_Programs AS T1 JOIN Student_Enrolment AS T2 ON T1.degree_program_id  =  T2.degree_program_id WHERE degree_summary_name  =  'Bachelor',SELECT Student_Enrolment.semester_id FROM Semesters AS T1 JOIN Student_Enrolment_Courses AS T2 JOIN Degree_Programs AS T3 ON Student_Enrolment.student_enrolment_id = T2.course_id AND Student_Enrolment.degree_program_id = Student_Enrolment.student_enrolment_id WHERE T3.degree_summary_name = 'Master' INTERSECT SELECT Student_Enrolment.semester_id FROM Semesters AS T4 JOIN Student_Enrolment_Courses AS T5 JOIN Degree_Programs AS T6 ON Student_Enrolment.student_enrolment_id = T5.course_id AND Student_Enrolment.degree_program_id = Student_Enrolment.student_enrolment_id WHERE T6.degree_summary_name = 'Bachelor',False,False,no such column: Student_Enrolment.semester_id,schema_linking_error,schema_linking_error|wrong_table,"used linked but wrong element(s): Semesters; tables gold=['Degree_Programs', 'Student_Enrolment'] pred=['Degree_Programs', 'Semesters', 'Student_Enrolment_Courses']"
dev_00578,student_transcripts_tracking,easy,What are the different addresses that have students living there?,SELECT count(DISTINCT current_address_id) FROM Students,SELECT DISTINCT T1.other_address_details FROM Addresses AS T1 JOIN Students AS T2 ON T1.address_id = T2.current_address_id,False,False,,schema_linking_error,schema_linking_error|wrong_table|wrong_column,"used linked but wrong element(s): Addresses; tables gold=['Students'] pred=['Addresses', 'Students']; missing columns: Students.current_address_id; extra columns: Addresses.other_address_details"
dev_00579,student_transcripts_tracking,easy,List all the student details in reversed lexicographical order.,SELECT other_student_details FROM Students ORDER BY other_student_details DESC,SELECT other_student_details FROM Students ORDER BY other_student_details ASC,False,False,,order_by_error,order_by_error,"ORDER BY differs (gold ('desc', [(0, (0, 43, False), None)]) limit=None; pred ('asc', [(0, (0, 43, False), None)]) limit=None)"
dev_00580,student_transcripts_tracking,easy,What other details can you tell me about students in reverse alphabetical order?,SELECT other_student_details FROM Students ORDER BY other_student_details DESC,SELECT other_student_details FROM Students ORDER BY other_student_details ASC,False,False,,order_by_error,order_by_error,"ORDER BY differs (gold ('desc', [(0, (0, 43, False), None)]) limit=None; pred ('asc', [(0, (0, 43, False), None)]) limit=None)"
dev_00581,student_transcripts_tracking,easy,Describe the section h.,SELECT section_description FROM Sections WHERE section_name  =  'h',SELECT section_name FROM Sections WHERE section_name = 'h',False,False,,wrong_column,wrong_column,missing columns: Sections.section_description
dev_00583,student_transcripts_tracking,hard,Find the first name of the students who permanently live in the country Haiti or have the cell phone number 09700166582 .,select t1.first_name from students as t1 join addresses as t2 on t1.permanent_address_id  =  t2.address_id where t2.country  =  'haiti' or t1.cell_mobile_number  =  '09700166582',SELECT T2.first_name FROM Addresses AS T1 JOIN Students AS T2 ON T1.address_id = T2.permanent_address_id WHERE T1.country = 'Haiti' OR T2.cell_mobile_number = 9700166582,True,False,,wrong_value,wrong_value,structure matches but execution result differs (literal values / LIMIT / DISTINCT)
dev_00584,student_transcripts_tracking,hard,What are the first names of the students who live in Haiti permanently or have the cell phone number 09700166582 ?,select t1.first_name from students as t1 join addresses as t2 on t1.permanent_address_id  =  t2.address_id where t2.country  =  'haiti' or t1.cell_mobile_number  =  '09700166582',SELECT T2.first_name FROM Addresses AS T1 JOIN Students AS T2 ON T1.address_id = T2.permanent_address_id WHERE T1.country = 'Haiti' INTERSECT SELECT T4.first_name FROM Addresses AS T3 JOIN Students AS T4 ON T3.address_id = T4.permanent_address_id WHERE T3.country = 'Haiti',False,False,,nested_query_error,nested_query_error|schema_linking_error|wrong_join|wrong_column|where_error,nesting differs (gold sub-queries=0 set-ops=[]; pred sub-queries=0 set-ops=['intersect']); missed linked gold element(s): Students.cell_mobile_number (link VEM); missing columns: Students.cell_mobile_number; same tables but different join conditions / number of table units; WHERE conditions differ (operators / conjunctions / count)
dev_00587,tvshow,easy,"List all cartoon directed by ""Ben Jones"".","SELECT Title FROM Cartoon WHERE Directed_by = ""Ben Jones"";",SELECT Directed_by FROM Cartoon WHERE Directed_by = 'Ben Jones',False,False,,wrong_column,wrong_column,missing columns: Cartoon.Title
dev_00590,tvshow,easy,What is the number of cartoones written by Joseph Kuhr?,"SELECT count(*) FROM Cartoon WHERE Written_by = ""Joseph Kuhr"";",SELECT count(DISTINCT Title) FROM Cartoon WHERE Written_by = 'Joseph Kuhr',False,True,,wrong_column,wrong_column,extra columns: Cartoon.Title
dev_00592,tvshow,medium,What is the name and directors of all the cartoons that are ordered by air date?,"SELECT title ,  Directed_by FROM Cartoon ORDER BY Original_air_date","SELECT Title, Original_air_date FROM Cartoon ORDER BY Original_air_date ASC",False,False,,wrong_column,wrong_column,missing columns: Cartoon.Directed_by
dev_00597,tvshow,medium,List the number of different series names and contents in the TV Channel table.,"SELECT count(DISTINCT series_name) ,  count(DISTINCT content) FROM TV_Channel;","SELECT count(DISTINCT T1.series_name), T1.Content FROM TV_Channel AS T1 JOIN TV_series AS T2 ON T2.Channel = T1.id GROUP BY T1.series_name",False,False,,wrong_table,wrong_table|wrong_column|group_by_error,"tables gold=['TV_Channel'] pred=['TV_Channel', 'TV_series']; SELECT list differs (missing / extra / duplicated items); GROUP BY / HAVING differs"
dev_00598,tvshow,medium,How many different series and contents are listed in the TV Channel table?,"SELECT count(DISTINCT series_name) ,  count(DISTINCT content) FROM TV_Channel;","SELECT count(DISTINCT series_name), Content FROM TV_Channel",False,False,,aggregation_error,aggregation_error,aggregation functions differ
dev_00605,tvshow,hard,List the language used least number of TV Channel. List language and number of TV Channel.,"SELECT LANGUAGE ,  count(*) FROM TV_Channel GROUP BY LANGUAGE ORDER BY count(*) ASC LIMIT 1;","SELECT Language, count(*) FROM TV_Channel GROUP BY Language ORDER BY count(*) DESC LIMIT 1",False,False,,order_by_error,order_by_error,"ORDER BY differs (gold ('asc', [(0, (3, 0, False), None)]) limit=1; pred ('desc', [(0, (3, 0, False), None)]) limit=1)"
dev_00606,tvshow,hard,What are the languages used by the least number of TV Channels and how many channels use it?,"SELECT LANGUAGE ,  count(*) FROM TV_Channel GROUP BY LANGUAGE ORDER BY count(*) ASC LIMIT 1;","SELECT Language, count(*) FROM TV_Channel GROUP BY Language ORDER BY count(*) DESC LIMIT 1",False,False,,order_by_error,order_by_error,"ORDER BY differs (gold ('asc', [(0, (3, 0, False), None)]) limit=1; pred ('desc', [(0, (3, 0, False), None)]) limit=1)"
dev_00609,tvshow,medium,"What is the TV Channel that shows the cartoon ""The Rise of the Blue Beetle!""? List the TV Channel's series name.","SELECT T1.series_name FROM TV_Channel AS T1 JOIN Cartoon AS T2 ON T1.id = T2.Channel WHERE T2.Title = ""The Rise of the Blue Beetle!"";",SELECT T2.series_name FROM Cartoon AS T1 JOIN TV_Channel AS T2 ON T1.Channel = T2.id WHERE T1.Title = 'Fall of the Blue Beetle!',True,False,,wrong_value,wrong_value,structure matches but execution result differs (literal values / LIMIT / DISTINCT)
dev_00610,tvshow,medium,"What is the series name of the TV Channel that shows the cartoon ""The Rise of the Blue Beetle""?","SELECT T1.series_name FROM TV_Channel AS T1 JOIN Cartoon AS T2 ON T1.id = T2.Channel WHERE T2.Title = ""The Rise of the Blue Beetle!"";",SELECT T2.series_name FROM Cartoon AS T1 JOIN TV_Channel AS T2 ON T1.Channel = T2.id WHERE T1.Title LIKE '%The Rise of the Blue Beetle%',False,True,,where_error,where_error,WHERE conditions differ (operators / conjunctions / count)
dev_00612,tvshow,medium,"What is the title of all the cartools that are on the TV Channel with the series name ""Sky Radio""?","SELECT T2.Title FROM TV_Channel AS T1 JOIN Cartoon AS T2 ON T1.id = T2.Channel WHERE T1.series_name = ""Sky Radio"";",SELECT Cartoon.Title FROM TV_series AS T1 JOIN TV_Channel AS T2 ON T1.Channel = T2.id WHERE T2.series_name = 'Sky Radio',False,False,no such column: Cartoon.Title,wrong_table,wrong_table,"tables gold=['Cartoon', 'TV_Channel'] pred=['TV_Channel', 'TV_series']"
dev_00616,tvshow,medium,What are 3 most highly rated episodes in the TV series table and what were those ratings?,"SELECT Episode ,  Rating FROM TV_series ORDER BY Rating DESC LIMIT 3;","SELECT Episode, Rating FROM TV_series GROUP BY Episode ORDER BY count(*) DESC LIMIT 3",False,False,,group_by_error,group_by_error|order_by_error,"GROUP BY / HAVING differs; ORDER BY differs (gold ('desc', [(0, (0, 13, False), None)]) limit=3; pred ('desc', [(0, (3, 0, False), None)]) limit=3)"
dev_00624,tvshow,medium,"What is the name of the series that has the episode ""A Love of a Lifetime""?","SELECT T1.series_name FROM TV_Channel AS T1 JOIN TV_series AS T2 ON T1.id = T2.Channel WHERE T2.Episode = ""A Love of a Lifetime"";",SELECT Air_Date FROM TV_series WHERE Episode = 'A Love of a Lifetime',False,False,,wrong_table,wrong_table|wrong_column,"tables gold=['TV_Channel', 'TV_series'] pred=['TV_series']; missing columns: TV_Channel.series_name; extra columns: TV_series.Air_Date"
dev_00627,tvshow,medium,Find the number of cartoons directed by each of the listed directors.,"SELECT count(*) ,  Directed_by FROM cartoon GROUP BY Directed_by","SELECT count(DISTINCT Directed_by), count(DISTINCT Title) FROM Cartoon",False,False,,wrong_column,wrong_column|group_by_error,extra columns: Cartoon.Title; GROUP BY / HAVING differs
dev_00629,tvshow,medium,Find the production code and channel of the most recently aired cartoon .,"select production_code ,  channel from cartoon order by original_air_date desc limit 1","SELECT Production_code, Channel FROM Cartoon GROUP BY Channel ORDER BY count(*) DESC LIMIT 1",False,False,,wrong_column,wrong_column|group_by_error|order_by_error,"missing columns: Cartoon.Original_air_date; GROUP BY / HAVING differs; ORDER BY differs (gold ('desc', [(0, (0, 23, False), None)]) limit=1; pred ('desc', [(0, (3, 0, False), None)]) limit=1)"
dev_00630,tvshow,medium,What is the produdction code and channel of the most recent cartoon ?,"select production_code ,  channel from cartoon order by original_air_date desc limit 1","SELECT Title, Channel FROM Cartoon ORDER BY Original_air_date DESC LIMIT 1",False,False,,wrong_column,wrong_column,missing columns: Cartoon.Production_code; extra columns: Cartoon.Title
dev_00631,tvshow,medium,Find the package choice and series name of the TV channel that has high definition TV.,"SELECT package_option ,  series_name FROM TV_Channel WHERE hight_definition_TV  =  ""yes""","SELECT Package_Option, series_name FROM TV_Channel",False,False,,wrong_column,wrong_column|where_error,missing columns: TV_Channel.Hight_definition_TV; WHERE conditions differ (operators / conjunctions / count)
dev_00632,tvshow,medium,What are the package options and the name of the series for the TV Channel that supports high definition TV?,"SELECT package_option ,  series_name FROM TV_Channel WHERE hight_definition_TV  =  ""yes""","SELECT Package_Option, series_name FROM TV_Channel WHERE Hight_definition_TV = 'value'",True,False,,wrong_value,wrong_value,structure matches but execution result differs (literal values / LIMIT / DISTINCT)
dev_00636,tvshow,hard,What are the countries that are not playing cartoons written by Todd Casey?,SELECT country FROM TV_Channel EXCEPT SELECT T1.country FROM TV_Channel AS T1 JOIN cartoon AS T2 ON T1.id = T2.Channel WHERE T2.written_by  =  'Todd Casey',SELECT Cartoon.Title FROM TV_Channel EXCEPT SELECT Title FROM Cartoon WHERE Written_by = 'Todd Casey',False,False,no such column: Cartoon.Title,schema_linking_error,schema_linking_error|wrong_join|wrong_column,missed linked gold element(s): TV_Channel.Country (link EM); missing columns: TV_Channel.Country; extra columns: Cartoon.Title; same tables but different join conditions / number of table units
dev_00641,tvshow,easy,find id of the tv channels that from the countries where have more than two tv channels.,SELECT id FROM tv_channel GROUP BY country HAVING count(*)  >  2,SELECT id FROM TV_Channel WHERE Country != 2 GROUP BY id HAVING count(*) > 2,False,False,,where_error,where_error|group_by_error,WHERE conditions differ (operators / conjunctions / count); GROUP BY / HAVING differs
dev_00642,tvshow,easy,What are the ids of all tv channels that have more than 2 TV channels?,SELECT id FROM tv_channel GROUP BY country HAVING count(*)  >  2,SELECT TV_Channel.id FROM TV_series GROUP BY Channel HAVING count(*) > 2,False,False,no such column: TV_Channel.id,schema_linking_error,schema_linking_error|wrong_table|wrong_column|group_by_error,missed linked gold element(s): TV_Channel (table link); used linked but wrong element(s): TV_series.Channel; tables gold=['TV_Channel'] pred=['TV_series']; missing columns: TV_Channel.Country; extra columns: TV_series.Channel; GROUP BY / HAVING differs
dev_00645,tvshow,hard,find the package option of the tv channel that do not have any cartoon directed by Ben Jones.,SELECT package_option FROM TV_Channel WHERE id NOT IN (SELECT channel FROM cartoon WHERE directed_by  =  'Ben Jones'),SELECT Package_Option FROM TV_Channel EXCEPT SELECT T1.Package_Option FROM TV_Channel AS T1 JOIN Cartoon AS T2 ON T1.id = T2.Channel WHERE T2.Directed_by = 'Ben Jones',False,False,,nested_query_error,nested_query_error|schema_linking_error|wrong_join|wrong_column|where_error,"nesting differs (gold sub-queries=1 set-ops=[]; pred sub-queries=0 set-ops=['except']); missed linked gold element(s): Cartoon.Channel (link EM); missing columns: TV_Channel.id, Cartoon.Channel; same tables but different join conditions / number of table units; WHERE conditions differ (operators / conjunctions / count)"
dev_00663,poker_player,medium,List the names of poker players ordered by the final tables made in ascending order.,SELECT T1.Name FROM people AS T1 JOIN poker_player AS T2 ON T1.People_ID  =  T2.People_ID ORDER BY T2.Final_Table_Made,SELECT * FROM poker_player ORDER BY Final_Table_Made ASC,False,False,,schema_linking_error,schema_linking_error|wrong_table|wrong_column,"missed linked gold element(s): people.Name (link EM); tables gold=['people', 'poker_player'] pred=['poker_player']; missing columns: people.Name"
dev_00687,voter_1,easy,How many states are there?,SELECT count(*) FROM area_code_state,SELECT count(DISTINCT state) FROM AREA_CODE_STATE,False,False,,schema_linking_error,schema_linking_error|wrong_column,used linked but wrong element(s): AREA_CODE_STATE.state; extra columns: AREA_CODE_STATE.state
dev_00691,voter_1,easy,What is last date created of votes from the state 'CA'?,SELECT max(created) FROM votes WHERE state  =  'CA',SELECT created FROM VOTES WHERE state = 'CA',False,True,,aggregation_error,aggregation_error,aggregation functions differ
dev_00695,voter_1,extra,"Of all the contestants who got voted, what is the contestant number and name of the contestant who got least votes?","SELECT T1.contestant_number , T1.contestant_name FROM contestants AS T1 JOIN votes AS T2 ON T1.contestant_number  =  T2.contestant_number GROUP BY T1.contestant_number ORDER BY count(*) ASC LIMIT 1","SELECT T1.contestant_number, T1.contestant_name, count(*) FROM CONTESTANTS AS T1 JOIN VOTES AS T2 ON T1.contestant_number = T2.contestant_number GROUP BY T1.contestant_number ORDER BY count(*) ASC LIMIT 1",False,False,,wrong_column,wrong_column,SELECT list differs (missing / extra / duplicated items)
dev_00700,voter_1,extra,List the area codes in which voters voted both for the contestant 'Tabatha Gehling' and the contestant 'Kelly Clauss'.,SELECT T3.area_code FROM contestants AS T1 JOIN votes AS T2 ON T1.contestant_number  =  T2.contestant_number JOIN area_code_state AS T3 ON T2.state  =  T3.state WHERE T1.contestant_name  =  'Tabatha Gehling' INTERSECT SELECT T3.area_code FROM contestants AS T1 JOIN votes AS T2 ON T1.contestant_number  =  T2.contestant_number JOIN area_code_state AS T3 ON T2.state  =  T3.state WHERE T1.contestant_name  =  'Kelly Clauss',SELECT T1.vote_id FROM VOTES AS T1 JOIN CONTESTANTS AS T2 ON T1.contestant_number = T2.contestant_number WHERE T2.contestant_name = 'Tabatha Gehling' INTERSECT SELECT T3.vote_id FROM VOTES AS T3 JOIN CONTESTANTS AS T4 ON T3.contestant_number = T4.contestant_number WHERE T4.contestant_name = 'Kelly Clauss',False,False,,schema_linking_error,schema_linking_error|wrong_table|wrong_column,"missed linked gold element(s): AREA_CODE_STATE.area_code (link EM); tables gold=['AREA_CODE_STATE', 'CONTESTANTS', 'VOTES'] pred=['CONTESTANTS', 'VOTES']; missing columns: AREA_CODE_STATE.area_code; extra columns: VOTES.vote_id"
dev_00702,world_1,easy,What are the names of all the countries that became independent after 1950?,SELECT Name FROM country WHERE IndepYear  >  1950,SELECT Name FROM country WHERE Population > 1950,False,False,,wrong_column,wrong_column|where_error,missing columns: country.IndepYear; extra columns: country.Population; WHERE conditions differ (operators / conjunctions / count)
dev_00703,world_1,easy,Give the names of the nations that were founded after 1950.,SELECT Name FROM country WHERE IndepYear  >  1950,SELECT Name FROM country WHERE Population > 1950,False,False,,wrong_column,wrong_column|where_error,missing columns: country.IndepYear; extra columns: country.Population; WHERE conditions differ (operators / conjunctions / count)
dev_00707,world_1,easy,How much surface area do the countires in the Carribean cover together?,"SELECT sum(SurfaceArea) FROM country WHERE Region  =  ""Caribbean""",SELECT sum(SurfaceArea) FROM country WHERE Region = 'Carribean',True,False,,wrong_value,wrong_value,structure matches but execution result differs (literal values / LIMIT / DISTINCT)
dev_00711,world_1,medium,What region is Kabul in?,"SELECT Region FROM country AS T1 JOIN city AS T2 ON T1.Code  =  T2.CountryCode WHERE T2.Name  =  ""Kabul""",SELECT country.Region FROM city WHERE Name = 'Kabul',False,False,no such column: country.Region,wrong_table,wrong_table,"tables gold=['city', 'country'] pred=['city']"
dev_00712,world_1,extra,Which language is the most popular in Aruba?,"SELECT T2.Language FROM country AS T1 JOIN countrylanguage AS T2 ON T1.Code  =  T2.CountryCode WHERE T1.Name  =  ""Aruba"" ORDER BY Percentage DESC LIMIT 1",SELECT T2.Language FROM country AS T1 JOIN countrylanguage AS T2 ON T1.Code = T2.CountryCode WHERE T1.Name = 'Aruba' GROUP BY T2.Language ORDER BY count(*) DESC LIMIT 1,False,False,,wrong_column,wrong_column|group_by_error|order_by_error,"missing columns: countrylanguage.Percentage; GROUP BY / HAVING differs; ORDER BY differs (gold ('desc', [(0, (0, 26, False), None)]) limit=1; pred ('desc', [(0, (3, 0, False), None)]) limit=1)"
dev_00713,world_1,extra,What language is predominantly spoken in Aruba?,"SELECT T2.Language FROM country AS T1 JOIN countrylanguage AS T2 ON T1.Code  =  T2.CountryCode WHERE T1.Name  =  ""Aruba"" ORDER BY Percentage DESC LIMIT 1",SELECT countrylanguage.Language FROM country WHERE Name = 'Aruba',False,False,no such column: countrylanguage.Language,wrong_table,wrong_table|wrong_column|order_by_error,"tables gold=['country', 'countrylanguage'] pred=['country']; missing columns: countrylanguage.Percentage; ORDER BY differs (gold ('desc', [(0, (0, 26, False), None)]) limit=1; pred none limit=None)"
dev_00716,world_1,medium,What are the region and population of Angola?,"SELECT Population ,  Region FROM country WHERE Name  =  ""Angola""","SELECT Region, Population FROM country WHERE LocalName = 'Angola'",False,True,,schema_linking_error,schema_linking_error|wrong_column|where_error,missed linked gold element(s): country.Name (link VEM); used linked but wrong element(s): country.LocalName; missing columns: country.Name; extra columns: country.LocalName; WHERE conditions differ (operators / conjunctions / count)
dev_00722,world_1,medium,What is the total population and maximum GNP in Asia?,"SELECT sum(Population) ,  max(GNP) FROM country WHERE Continent  =  ""Asia""","SELECT sum(Population), avg(GNP) FROM country WHERE Continent = 'Asia'",False,False,,aggregation_error,aggregation_error,aggregation functions differ
dev_00723,world_1,medium,"How many people live in Asia, and what is the largest GNP among them?","SELECT sum(Population) ,  max(GNP) FROM country WHERE Continent  =  ""Asia""","SELECT count(*), sum(GNP) FROM country WHERE Continent = 'Asia' ORDER BY GNP DESC LIMIT 1",False,False,,wrong_column,wrong_column|order_by_error,"missing columns: country.Population; ORDER BY differs (gold none limit=None; pred ('desc', [(0, (0, 16, False), None)]) limit=1)"
dev_00724,world_1,medium,What is the average life expectancy in African countries that are republics?,"SELECT avg(LifeExpectancy) FROM country WHERE Continent  =  ""Africa"" AND GovernmentForm  =  ""Republic""",SELECT avg(LifeExpectancy) FROM country WHERE Continent = 'value' AND GovernmentForm = 'Republic',True,False,,wrong_value,wrong_value,structure matches but execution result differs (literal values / LIMIT / DISTINCT)
dev_00725,world_1,medium,Give the average life expectancy for countries in Africa which are republics?,"SELECT avg(LifeExpectancy) FROM country WHERE Continent  =  ""Africa"" AND GovernmentForm  =  ""Republic""",SELECT avg(LifeExpectancy) FROM country WHERE Continent = 'Africa' AND Continent = 'Republic',False,False,,schema_linking_error,schema_linking_error|wrong_column|where_error,missed linked gold element(s): country.GovernmentForm (link VEM); missing columns: country.GovernmentForm; WHERE conditions differ (operators / conjunctions / count)
dev_00730,world_1,medium,What is the average GNP and total population in all nations whose government is US territory?,"SELECT avg(GNP) ,  sum(population) FROM country WHERE GovernmentForm  =  ""US Territory""","SELECT avg(GNP), avg(Population) FROM country WHERE GovernmentForm = 'US Territory'",False,False,,aggregation_error,aggregation_error,aggregation functions differ
dev_00731,world_1,medium,Give the mean GNP and total population of nations which are considered US territory.,"SELECT avg(GNP) ,  sum(population) FROM country WHERE GovernmentForm  =  ""US Territory""","SELECT sum(GNP), sum(Population) FROM country WHERE GovernmentForm = 'US Territory'",False,False,,aggregation_error,aggregation_error,aggregation functions differ
dev_00736,world_1,medium,What is the total number of languages used in Aruba?,"SELECT COUNT(T2.Language) FROM country AS T1 JOIN countrylanguage AS T2 ON T1.Code  =  T2.CountryCode WHERE T1.Name  =  ""Aruba""",SELECT count(*) FROM country WHERE Name = 'Aruba',False,False,,schema_linking_error,schema_linking_error|wrong_table|wrong_column,"missed linked gold element(s): countrylanguage.Language (link EM); tables gold=['country', 'countrylanguage'] pred=['country']; missing columns: countrylanguage.Language"
dev_00737,world_1,medium,How many languages are spoken in Aruba?,"SELECT COUNT(T2.Language) FROM country AS T1 JOIN countrylanguage AS T2 ON T1.Code  =  T2.CountryCode WHERE T1.Name  =  ""Aruba""",SELECT count(*) FROM country WHERE Name = 'Aruba',False,False,,schema_linking_error,schema_linking_error|wrong_table|wrong_column,"missed linked gold element(s): countrylanguage.Language (link EM); tables gold=['country', 'countrylanguage'] pred=['country']; missing columns: countrylanguage.Language"
dev_00738,world_1,medium,How many official languages does Afghanistan have?,"SELECT COUNT(*) FROM country AS T1 JOIN countrylanguage AS T2 ON T1.Code  =  T2.CountryCode WHERE T1.Name  =  ""Afghanistan"" AND IsOfficial  =  ""T""",SELECT count(DISTINCT T2.Language) FROM country AS T1 JOIN countrylanguage AS T2 ON T1.Code = T2.CountryCode WHERE T1.Name = 'Afghanistan',False,False,,schema_linking_error,schema_linking_error|wrong_column|where_error,used linked but wrong element(s): countrylanguage.Language; missing columns: countrylanguage.IsOfficial; extra columns: countrylanguage.Language; WHERE conditions differ (operators / conjunctions / count)
dev_00739,world_1,medium,How many official languages are spoken in Afghanistan?,"SELECT COUNT(*) FROM country AS T1 JOIN countrylanguage AS T2 ON T1.Code  =  T2.CountryCode WHERE T1.Name  =  ""Afghanistan"" AND IsOfficial  =  ""T""",SELECT count(*) FROM country WHERE Name = 'Afghanistan',False,False,,wrong_table,wrong_table|wrong_column|where_error,"tables gold=['country', 'countrylanguage'] pred=['country']; missing columns: countrylanguage.IsOfficial; WHERE conditions differ (operators / conjunctions / count)"
dev_00742,world_1,extra,Which continent has the most diverse languages?,SELECT T1.Continent FROM country AS T1 JOIN countrylanguage AS T2 ON T1.Code  =  T2.CountryCode GROUP BY T1.Continent ORDER BY COUNT(*) DESC LIMIT 1,SELECT Continent FROM country GROUP BY Continent ORDER BY count(*) DESC LIMIT 1,False,True,,wrong_table,wrong_table,"tables gold=['country', 'countrylanguage'] pred=['country']"
dev_00743,world_1,extra,Which continent speaks the most languages?,SELECT T1.Continent FROM country AS T1 JOIN countrylanguage AS T2 ON T1.Code  =  T2.CountryCode GROUP BY T1.Continent ORDER BY COUNT(*) DESC LIMIT 1,SELECT Continent FROM country GROUP BY Continent ORDER BY count(*) DESC LIMIT 1,False,True,,wrong_table,wrong_table,"tables gold=['country', 'countrylanguage'] pred=['country']"
dev_00744,world_1,easy,How many countries speak both English and Dutch?,"SELECT COUNT(*) FROM (SELECT T1.Name FROM country AS T1 JOIN countrylanguage AS T2 ON T1.Code  =  T2.CountryCode WHERE T2.Language  =  ""English"" INTERSECT SELECT T1.Name FROM country AS T1 JOIN countrylanguage AS T2 ON T1.Code  =  T2.CountryCode WHERE T2.Language  =  ""Dutch"")",SELECT count(*) FROM country AS T1 JOIN countrylanguage AS T2 ON T1.Code = T2.CountryCode WHERE T2.Language = 'English' INTERSECT SELECT T3.Name FROM country AS T3 JOIN countrylanguage AS T4 ON T3.Code = T4.CountryCode WHERE T4.Language = 'Dutch',False,False,,nested_query_error,nested_query_error|wrong_join|where_error,nesting differs (gold sub-queries=1 set-ops=[]; pred sub-queries=0 set-ops=['intersect']); same tables but different join conditions / number of table units; WHERE conditions differ (operators / conjunctions / count)
dev_00745,world_1,easy,What is the number of nations that use English and Dutch?,"SELECT COUNT(*) FROM (SELECT T1.Name FROM country AS T1 JOIN countrylanguage AS T2 ON T1.Code  =  T2.CountryCode WHERE T2.Language  =  ""English"" INTERSECT SELECT T1.Name FROM country AS T1 JOIN countrylanguage AS T2 ON T1.Code  =  T2.CountryCode WHERE T2.Language  =  ""Dutch"")",SELECT count(*) FROM country AS T1 JOIN countrylanguage AS T2 ON T1.Code = T2.CountryCode WHERE T2.Language = 'English' OR T2.Language = 'Dutch',False,False,,nested_query_error,nested_query_error|wrong_join|wrong_column|where_error,nesting differs (gold sub-queries=1 set-ops=[]; pred sub-queries=0 set-ops=[]); missing columns: country.Name; same tables but different join conditions / number of table units; WHERE conditions differ (operators / conjunctions / count)
dev_00748,world_1,extra,What are the names of nations where both English and French are official languages?,"SELECT T1.Name FROM country AS T1 JOIN countrylanguage AS T2 ON T1.Code  =  T2.CountryCode WHERE T2.Language  =  ""English"" AND T2.IsOfficial  =  ""T"" INTERSECT SELECT T1.Name FROM country AS T1 JOIN countrylanguage AS T2 ON T1.Code  =  T2.CountryCode WHERE T2.Language  =  ""French"" AND T2.IsOfficial  =  ""T""",SELECT T1.Name FROM country AS T1 JOIN countrylanguage AS T2 ON T1.Code = T2.CountryCode WHERE T2.Language = 'English' INTERSECT SELECT T3.Name FROM country AS T3 JOIN countrylanguage AS T4 ON T3.Code = T4.CountryCode WHERE T4.Language = 'French',False,False,,wrong_column,wrong_column|where_error,missing columns: countrylanguage.IsOfficial; WHERE conditions differ (operators / conjunctions / count)
dev_00749,world_1,extra,Give the names of countries with English and French as official languages.,"SELECT T1.Name FROM country AS T1 JOIN countrylanguage AS T2 ON T1.Code  =  T2.CountryCode WHERE T2.Language  =  ""English"" AND T2.IsOfficial  =  ""T"" INTERSECT SELECT T1.Name FROM country AS T1 JOIN countrylanguage AS T2 ON T1.Code  =  T2.CountryCode WHERE T2.Language  =  ""French"" AND T2.IsOfficial  =  ""T""",SELECT T1.Name FROM country AS T1 JOIN countrylanguage AS T2 ON T1.Code = T2.CountryCode WHERE T2.Language = 'English' INTERSECT SELECT T3.Name FROM country AS T3 JOIN countrylanguage AS T4 ON T3.Code = T4.CountryCode WHERE T4.Language = 'French',False,False,,wrong_column,wrong_column|where_error,missing columns: countrylanguage.IsOfficial; WHERE conditions differ (operators / conjunctions / count)
dev_00752,world_1,hard,What are the regions that use English or Dutch?,"SELECT DISTINCT T1.Region FROM country AS T1 JOIN countrylanguage AS T2 ON T1.Code  =  T2.CountryCode WHERE T2.Language  =  ""English"" OR T2.Language  =  ""Dutch""",SELECT T1.Region FROM country AS T1 JOIN countrylanguage AS T2 ON T1.Code = T2.CountryCode WHERE T2.Language = 'English' OR T2.Language = 'Dutch',True,False,,wrong_value,wrong_value,structure matches but execution result differs (literal values / LIMIT / DISTINCT)
dev_00753,world_1,hard,Which regions speak Dutch or English?,"SELECT DISTINCT T1.Region FROM country AS T1 JOIN countrylanguage AS T2 ON T1.Code  =  T2.CountryCode WHERE T2.Language  =  ""English"" OR T2.Language  =  ""Dutch""",SELECT T1.Region FROM country AS T1 JOIN countrylanguage AS T2 ON T1.Code = T2.CountryCode WHERE T2.Language = 'Dutch' OR T2.Language = 'English',True,False,,wrong_value,wrong_value,structure matches but execution result differs (literal values / LIMIT / DISTINCT)
dev_00754,world_1,extra,What are the countries where either English or Dutch is the official language ?,"select t1.name from country as t1 join countrylanguage as t2 on t1.code  =  t2.countrycode where t2.language  =  ""english"" and isofficial  =  ""t"" union select t1.name from country as t1 join countrylanguage as t2 on t1.code  =  t2.countrycode where t2.language  =  ""dutch"" and isofficial  =  ""t""",SELECT T1.Name FROM country AS T1 JOIN countrylanguage AS T2 ON T1.Code = T2.CountryCode WHERE T2.Language = 'English' OR T2.Language = 'Dutch',False,False,,nested_query_error,nested_query_error|wrong_join|wrong_column|where_error,nesting differs (gold sub-queries=0 set-ops=['union']; pred sub-queries=0 set-ops=[]); missing columns: countrylanguage.IsOfficial; same tables but different join conditions / number of table units; WHERE conditions differ (operators / conjunctions / count)
dev_00755,world_1,extra,Which countries have either English or Dutch as an official language?,"SELECT * FROM country AS T1 JOIN countrylanguage AS T2 ON T1.Code  =  T2.CountryCode WHERE T2.Language  =  ""English"" AND IsOfficial  =  ""T"" UNION SELECT * FROM country AS T1 JOIN countrylanguage AS T2 ON T1.Code  =  T2.CountryCode WHERE T2.Language  =  ""Dutch"" AND IsOfficial  =  ""T""",SELECT T1.Name FROM country AS T1 JOIN countrylanguage AS T2 ON T1.Code = T2.CountryCode WHERE T1.Continent = 'English' OR T2.Language = 'Dutch',False,False,,nested_query_error,nested_query_error|wrong_join|wrong_column|where_error,"nesting differs (gold sub-queries=0 set-ops=['union']; pred sub-queries=0 set-ops=[]); missing columns: countrylanguage.IsOfficial; extra columns: country.Name, country.Continent; same tables but different join conditions / number of table units; WHERE conditions differ (operators / conjunctions / count)"
dev_00756,world_1,extra,Which language is the most popular on the Asian continent?,"SELECT T2.Language FROM country AS T1 JOIN countrylanguage AS T2 ON T1.Code  =  T2.CountryCode WHERE T1.Continent  =  ""Asia"" GROUP BY T2.Language ORDER BY COUNT (*) DESC LIMIT 1",SELECT T2.Language FROM country AS T1 JOIN countrylanguage AS T2 ON T1.Code = T2.CountryCode WHERE T1.Continent = 'Asian' GROUP BY T1.Name ORDER BY count(*) DESC LIMIT 1,False,False,,wrong_column,wrong_column|group_by_error,extra columns: country.Name; GROUP BY / HAVING differs
dev_00757,world_1,extra,What is the language that is used by the largest number of Asian nations?,"SELECT T2.Language FROM country AS T1 JOIN countrylanguage AS T2 ON T1.Code  =  T2.CountryCode WHERE T1.Continent  =  ""Asia"" GROUP BY T2.Language ORDER BY COUNT (*) DESC LIMIT 1",SELECT T2.Language FROM country AS T1 JOIN countrylanguage AS T2 ON T1.Code = T2.CountryCode WHERE T1.Continent = 'value' GROUP BY T2.Language ORDER BY count(*) DESC LIMIT 1,True,False,,wrong_value,wrong_value,structure matches but execution result differs (literal values / LIMIT / DISTINCT)
dev_00758,world_1,hard,Which languages are spoken by only one country in republic governments?,"SELECT T2.Language FROM country AS T1 JOIN countrylanguage AS T2 ON T1.Code  =  T2.CountryCode WHERE T1.GovernmentForm  =  ""Republic"" GROUP BY T2.Language HAVING COUNT(*)  =  1",SELECT T2.Language FROM country AS T1 JOIN countrylanguage AS T2 ON T1.Code = T2.CountryCode WHERE T1.GovernmentForm = 'Republic' GROUP BY T2.Language HAVING count(*) >= 1,False,False,,group_by_error,group_by_error,GROUP BY / HAVING differs
dev_00759,world_1,hard,What languages are only used by a single country with a republic government?,"SELECT T2.Language FROM country AS T1 JOIN countrylanguage AS T2 ON T1.Code  =  T2.CountryCode WHERE T1.GovernmentForm  =  ""Republic"" GROUP BY T2.Language HAVING COUNT(*)  =  1",SELECT countrylanguage.Language FROM country WHERE GovernmentForm = 'Republic',False,False,no such column: countrylanguage.Language,wrong_table,wrong_table|group_by_error,"tables gold=['country', 'countrylanguage'] pred=['country']; GROUP BY / HAVING differs"
dev_00760,world_1,extra,Find the city with the largest population that uses English.,"SELECT T1.Name ,  T1.Population FROM city AS T1 JOIN countrylanguage AS T2 ON T1.CountryCode  =  T2.CountryCode WHERE T2.Language  =  ""English"" ORDER BY T1.Population DESC LIMIT 1",SELECT T1.Name FROM city AS T1 JOIN countrylanguage AS T2 ON T1.ID = T2.CountryCode WHERE T2.Language = 'English' ORDER BY T1.Population DESC LIMIT 1,False,False,,wrong_join,wrong_join|wrong_column,same tables but different join conditions / number of table units; SELECT list differs (missing / extra / duplicated items)
dev_00761,world_1,extra,What is the most populace city that speaks English?,"SELECT T1.Name ,  T1.Population FROM city AS T1 JOIN countrylanguage AS T2 ON T1.CountryCode  =  T2.CountryCode WHERE T2.Language  =  ""English"" ORDER BY T1.Population DESC LIMIT 1",SELECT T1.Name FROM city AS T1 JOIN countrylanguage AS T2 ON T1.ID = T2.CountryCode WHERE T2.Language = 'English' ORDER BY T1.Population DESC LIMIT 1,False,False,,wrong_join,wrong_join|wrong_column,same tables but different join conditions / number of table units; SELECT list differs (missing / extra / duplicated items)
dev_00762,world_1,hard,"Find the name, population and expected life length of asian country with the largest area?","SELECT Name ,  Population ,  LifeExpectancy FROM country WHERE Continent  =  ""Asia"" ORDER BY SurfaceArea DESC LIMIT 1","SELECT Name, Population, LifeExpectancy FROM country WHERE Region = 'asian' ORDER BY LifeExpectancy DESC LIMIT 1",False,False,,wrong_column,wrong_column|where_error|order_by_error,"missing columns: country.Continent, country.SurfaceArea; extra columns: country.Region; WHERE conditions differ (operators / conjunctions / count); ORDER BY differs (gold ('desc', [(0, (0, 12, False), None)]) limit=1; pred ('desc', [(0, (0, 15, False), None)]) limit=1)"
dev_00763,world_1,hard,"What are the name, population, and life expectancy of the largest Asian country by land?","SELECT Name ,  Population ,  LifeExpectancy FROM country WHERE Continent  =  ""Asia"" ORDER BY SurfaceArea DESC LIMIT 1","SELECT Name, Population, LifeExpectancy FROM country WHERE Continent = 'value' ORDER BY LifeExpectancy DESC LIMIT 1",False,False,,wrong_column,wrong_column|order_by_error,"missing columns: country.SurfaceArea; ORDER BY differs (gold ('desc', [(0, (0, 12, False), None)]) limit=1; pred ('desc', [(0, (0, 15, False), None)]) limit=1)"
dev_00764,world_1,extra,What is average life expectancy in the countries where English is not the official language?,"SELECT avg(LifeExpectancy) FROM country WHERE Name NOT IN (SELECT T1.Name FROM country AS T1 JOIN countrylanguage AS T2 ON T1.Code  =  T2.CountryCode WHERE T2.Language  =  ""English"" AND T2.IsOfficial  =  ""T"")",SELECT avg(LifeExpectancy) FROM country WHERE Code NOT IN (SELECT CountryCode FROM countrylanguage WHERE Language = 'English'),False,False,,wrong_join,wrong_join|wrong_column|where_error,"missing columns: country.Name, countrylanguage.IsOfficial; extra columns: country.Code, countrylanguage.CountryCode; same tables but different join conditions / number of table units; WHERE conditions differ (operators / conjunctions / count)"
dev_00765,world_1,extra,Give the mean life expectancy of countries in which English is not the official language.,"SELECT avg(LifeExpectancy) FROM country WHERE Name NOT IN (SELECT T1.Name FROM country AS T1 JOIN countrylanguage AS T2 ON T1.Code  =  T2.CountryCode WHERE T2.Language  =  ""English"" AND T2.IsOfficial  =  ""T"")",SELECT sum(LifeExpectancy) FROM country WHERE Code NOT IN (SELECT CountryCode FROM countrylanguage WHERE Language = 'English'),False,False,,wrong_join,wrong_join|wrong_column|where_error,"missing columns: country.Name, countrylanguage.IsOfficial; extra columns: country.Code, countrylanguage.CountryCode; same tables but different join conditions / number of table units; WHERE conditions differ (operators / conjunctions / count)"
dev_00766,world_1,extra,What is the total number of people living in the nations that do not use English?,"SELECT sum(Population) FROM country WHERE Name NOT IN (SELECT T1.Name FROM country AS T1 JOIN countrylanguage AS T2 ON T1.Code  =  T2.CountryCode WHERE T2.Language  =  ""English"")",SELECT sum(Population) FROM country WHERE Code NOT IN (SELECT CountryCode FROM countrylanguage WHERE Language = 'English'),False,True,,wrong_join,wrong_join|wrong_column|where_error,"missing columns: country.Name; extra columns: country.Code, countrylanguage.CountryCode; same tables but different join conditions / number of table units; WHERE conditions differ (operators / conjunctions / count)"
dev_00767,world_1,extra,How many people live in countries that do not speak English?,"SELECT sum(Population) FROM country WHERE Name NOT IN (SELECT T1.Name FROM country AS T1 JOIN countrylanguage AS T2 ON T1.Code  =  T2.CountryCode WHERE T2.Language  =  ""English"")",SELECT count(*) FROM country WHERE Code NOT IN (SELECT CountryCode FROM countrylanguage WHERE Language = 'English'),False,False,,wrong_join,wrong_join|wrong_column|where_error,"missing columns: country.Name, country.Population; extra columns: country.Code, countrylanguage.CountryCode; same tables but different join conditions / number of table units; WHERE conditions differ (operators / conjunctions / count)"
dev_00768,world_1,medium,What is the official language spoken in the country whose head of state is Beatrix?,"SELECT T2.Language FROM country AS T1 JOIN countrylanguage AS T2 ON T1.Code  =  T2.CountryCode WHERE T1.HeadOfState  =  ""Beatrix"" AND T2.IsOfficial  =  ""T""",SELECT T2.Language FROM country AS T1 JOIN countrylanguage AS T2 ON T1.Code = T2.CountryCode WHERE T1.HeadOfState = 'Beatrix',False,False,,wrong_column,wrong_column|where_error,missing columns: countrylanguage.IsOfficial; WHERE conditions differ (operators / conjunctions / count)
dev_00769,world_1,medium,What is the official language used in the country the name of whose head of state is Beatrix.,"SELECT T2.Language FROM country AS T1 JOIN countrylanguage AS T2 ON T1.Code  =  T2.CountryCode WHERE T1.HeadOfState  =  ""Beatrix"" AND T2.IsOfficial  =  ""T""",SELECT countrylanguage.Language FROM country WHERE HeadOfState = 'Beatrix',False,False,no such column: countrylanguage.Language,wrong_table,wrong_table|wrong_column|where_error,"tables gold=['country', 'countrylanguage'] pred=['country']; missing columns: countrylanguage.IsOfficial; WHERE conditions differ (operators / conjunctions / count)"
dev_00770,world_1,medium,What is the total number of unique official languages spoken in the countries that are founded before 1930?,"SELECT count(DISTINCT T2.Language) FROM country AS T1 JOIN countrylanguage AS T2 ON T1.Code  =  T2.CountryCode WHERE  IndepYear  <  1930 AND T2.IsOfficial  =  ""T""",SELECT count(DISTINCT T1.Language) FROM countrylanguage AS T1 JOIN country AS T2 ON T2.Code = T1.CountryCode WHERE T1.Percentage < 1930,False,False,,wrong_column,wrong_column|where_error,"missing columns: country.IndepYear, countrylanguage.IsOfficial; extra columns: countrylanguage.Percentage; WHERE conditions differ (operators / conjunctions / count)"
dev_00771,world_1,medium,"For the countries founded before 1930, what is the total number of distinct official languages?","SELECT count(DISTINCT T2.Language) FROM country AS T1 JOIN countrylanguage AS T2 ON T1.Code  =  T2.CountryCode WHERE  IndepYear  <  1930 AND T2.IsOfficial  =  ""T""",SELECT count(DISTINCT T2.Language) FROM country AS T1 JOIN countrylanguage AS T2 ON T1.Code = T2.CountryCode WHERE T1.Population < 1930,False,False,,wrong_column,wrong_column|where_error,"missing columns: country.IndepYear, countrylanguage.IsOfficial; extra columns: country.Population; WHERE conditions differ (operators / conjunctions / count)"
dev_00772,world_1,hard,What are the countries that have greater surface area than any country in Europe?,"SELECT Name FROM country WHERE SurfaceArea  >  (SELECT min(SurfaceArea) FROM country WHERE Continent  =  ""Europe"")",SELECT Region FROM country WHERE SurfaceArea > (SELECT max(SurfaceArea) FROM country WHERE Continent = 'Europe'),False,False,,wrong_column,wrong_column|where_error,missing columns: country.Name; extra columns: country.Region; WHERE conditions differ (operators / conjunctions / count)
dev_00773,world_1,hard,Which countries have greater area than that of any country in Europe?,"SELECT Name FROM country WHERE SurfaceArea  >  (SELECT min(SurfaceArea) FROM country WHERE Continent  =  ""Europe"")",SELECT Region FROM country WHERE SurfaceArea > (SELECT max(SurfaceArea) FROM country WHERE Continent = 'Europe'),False,False,,wrong_column,wrong_column|where_error,missing columns: country.Name; extra columns: country.Region; WHERE conditions differ (operators / conjunctions / count)
dev_00774,world_1,extra,What are the African countries that have a population less than any country in Asia?,"SELECT Name FROM country WHERE Continent  =  ""Africa""  AND population  <  (SELECT max(population) FROM country WHERE Continent  =  ""Asia"")",SELECT Region FROM country WHERE Population > (SELECT min(Population) FROM country WHERE Continent = 'Asia'),False,False,,wrong_column,wrong_column|where_error,missing columns: country.Name; extra columns: country.Region; WHERE conditions differ (operators / conjunctions / count)
dev_00775,world_1,extra,Which African countries have a smaller population than that of any country in Asia?,"SELECT Name FROM country WHERE Continent  =  ""Africa""  AND population  <  (SELECT min(population) FROM country WHERE Continent  =  ""Asia"")",SELECT Region FROM country WHERE Population > (SELECT min(Population) FROM country WHERE Continent = 'Asia'),False,False,,wrong_column,wrong_column|where_error,missing columns: country.Name; extra columns: country.Region; WHERE conditions differ (operators / conjunctions / count)
dev_00776,world_1,extra,Which Asian countries have a population that is larger than any country in Africa?,"SELECT Name FROM country WHERE Continent  =  ""Asia""  AND population  >  (SELECT max(population) FROM country WHERE Continent  =  ""Africa"")",SELECT Region FROM country WHERE Population > (SELECT min(Population) FROM country WHERE Continent = 'Africa'),False,False,,wrong_column,wrong_column|where_error,missing columns: country.Name; extra columns: country.Region; WHERE conditions differ (operators / conjunctions / count)
dev_00777,world_1,extra,What are the Asian countries which have a population larger than that of any country in Africa?,"SELECT Name FROM country WHERE Continent  =  ""Asia""  AND population  >  (SELECT min(population) FROM country WHERE Continent  =  ""Africa"")",SELECT Name FROM country WHERE Population > (SELECT min(Population) FROM country WHERE Continent = 'Africa' AND Population = (SELECT max(Population) FROM country WHERE Continent = 'Africa')),False,False,,nested_query_error,nested_query_error|wrong_join|where_error,nesting differs (gold sub-queries=1 set-ops=[]; pred sub-queries=2 set-ops=[]); same tables but different join conditions / number of table units; WHERE conditions differ (operators / conjunctions / count)
dev_00778,world_1,hard,What are the country codes for countries that do not speak English?,"SELECT CountryCode FROM countrylanguage EXCEPT SELECT CountryCode FROM countrylanguage WHERE LANGUAGE  =  ""English""",SELECT Code FROM country EXCEPT SELECT CountryCode FROM countrylanguage WHERE Language = 'English',False,False,,schema_linking_error,schema_linking_error|wrong_table|wrong_column,"used linked but wrong element(s): country.Code, country; tables gold=['countrylanguage'] pred=['country', 'countrylanguage']; extra columns: country.Code"
dev_00779,world_1,hard,Return the country codes for countries that do not speak English.,"SELECT CountryCode FROM countrylanguage EXCEPT SELECT CountryCode FROM countrylanguage WHERE LANGUAGE  =  ""English""",SELECT Code FROM country EXCEPT SELECT CountryCode FROM countrylanguage WHERE Language = 'English',False,False,,schema_linking_error,schema_linking_error|wrong_table|wrong_column,"used linked but wrong element(s): country.Code, country; tables gold=['countrylanguage'] pred=['country', 'countrylanguage']; extra columns: country.Code"
dev_00780,world_1,easy,What are the country codes of countries where people use languages other than English?,"SELECT DISTINCT CountryCode FROM countrylanguage WHERE LANGUAGE != ""English""",SELECT T1.Code FROM country AS T1 JOIN countrylanguage AS T2 ON T1.Code = T2.CountryCode WHERE T2.Language = 'English',False,False,,schema_linking_error,schema_linking_error|wrong_table|wrong_column|where_error,"used linked but wrong element(s): country.Code, country; tables gold=['countrylanguage'] pred=['country', 'countrylanguage']; missing columns: countrylanguage.CountryCode; extra columns: country.Code; WHERE conditions differ (operators / conjunctions / count)"
dev_00781,world_1,easy,Give the country codes for countries in which people speak langauges that are not English.,"SELECT DISTINCT CountryCode FROM countrylanguage WHERE LANGUAGE != ""English""",SELECT Code FROM country WHERE Code IN (SELECT CountryCode FROM countrylanguage WHERE Language = 'English'),False,False,,nested_query_error,nested_query_error|schema_linking_error|wrong_table|wrong_column|where_error,"nesting differs (gold sub-queries=0 set-ops=[]; pred sub-queries=1 set-ops=[]); used linked but wrong element(s): country.Code, country; tables gold=['countrylanguage'] pred=['country', 'countrylanguage']; extra columns: country.Code; WHERE conditions differ (operators / conjunctions / count)"
dev_00782,world_1,hard,What are the codes of the countries that do not speak English and whose government forms are not Republic?,"SELECT Code FROM country WHERE GovernmentForm != ""Republic"" EXCEPT SELECT CountryCode FROM countrylanguage WHERE LANGUAGE  =  ""English""",SELECT Code FROM country WHERE Code NOT IN (SELECT CountryCode FROM countrylanguage WHERE Language = 'English') EXCEPT SELECT CountryCode FROM countrylanguage WHERE Language = 'English',False,False,,nested_query_error,nested_query_error|schema_linking_error|wrong_join|wrong_column|where_error,nesting differs (gold sub-queries=0 set-ops=['except']; pred sub-queries=1 set-ops=['except']); missed linked gold element(s): country.GovernmentForm (link EM/VEM); missing columns: country.GovernmentForm; same tables but different join conditions / number of table units; WHERE conditions differ (operators / conjunctions / count)
dev_00783,world_1,hard,Return the codes of countries that do not speak English and do not have Republics for governments.,"SELECT Code FROM country WHERE GovernmentForm != ""Republic"" EXCEPT SELECT CountryCode FROM countrylanguage WHERE LANGUAGE  =  ""English""",SELECT Code FROM country WHERE Code NOT IN (SELECT CountryCode FROM countrylanguage WHERE Language = 'English') EXCEPT SELECT CountryCode FROM countrylanguage WHERE Language = 'English',False,False,,nested_query_error,nested_query_error|schema_linking_error|wrong_join|wrong_column|where_error,nesting differs (gold sub-queries=0 set-ops=['except']; pred sub-queries=1 set-ops=['except']); missed linked gold element(s): country.GovernmentForm (link VEM); missing columns: country.GovernmentForm; same tables but different join conditions / number of table units; WHERE conditions differ (operators / conjunctions / count)
dev_00784,world_1,extra,Which cities are in European countries where English is not the official language?,SELECT DISTINCT T2.Name FROM country AS T1 JOIN city AS T2 ON T2.CountryCode  =  T1.Code WHERE T1.Continent  =  'Europe' AND T1.Name NOT IN (SELECT T3.Name FROM country AS T3 JOIN countrylanguage AS T4 ON T3.Code  =  T4.CountryCode WHERE T4.IsOfficial  =  'T' AND T4.Language  =  'English'),SELECT T1.Name FROM city AS T1 JOIN country AS T2 ON T1.CountryCode = countrylanguage.CountryCode WHERE T2.Continent = 'English' EXCEPT SELECT T3.Name FROM city AS T3 JOIN country AS T4 ON T4.Code = T3.CountryCode WHERE countrylanguage.Language = 'English',False,False,no such column: countrylanguage.Language,nested_query_error,nested_query_error|wrong_table|wrong_column|where_error,"nesting differs (gold sub-queries=1 set-ops=[]; pred sub-queries=0 set-ops=['except']); tables gold=['city', 'country', 'countrylanguage'] pred=['city', 'country']; missing columns: country.Name, countrylanguage.IsOfficial; WHERE conditions differ (operators / conjunctions / count)"
dev_00785,world_1,extra,What are the names of cities in Europe for which English is not the official language?,SELECT DISTINCT T2.Name FROM country AS T1 JOIN city AS T2 ON T2.CountryCode  =  T1.Code WHERE T1.Continent  =  'Europe' AND T1.Name NOT IN (SELECT T3.Name FROM country AS T3 JOIN countrylanguage AS T4 ON T3.Code  =  T4.CountryCode WHERE T4.IsOfficial  =  'T' AND T4.Language  =  'English'),SELECT T1.Name FROM city AS T1 JOIN country AS T2 ON T1.CountryCode = T2.Code WHERE T2.Continent = 'Europe' AND T2.Name != 'English',False,False,,nested_query_error,nested_query_error|schema_linking_error|wrong_table|wrong_column|where_error,"nesting differs (gold sub-queries=1 set-ops=[]; pred sub-queries=0 set-ops=[]); missed linked gold element(s): countrylanguage.Language (link EM/VEM); tables gold=['city', 'country', 'countrylanguage'] pred=['city', 'country']; missing columns: countrylanguage.Language, countrylanguage.IsOfficial; WHERE conditions differ (operators / conjunctions / count)"
dev_00786,world_1,hard,Which unique cities are in Asian countries where Chinese is the official language ?,"select distinct t3.name from country as t1 join countrylanguage as t2 on t1.code  =  t2.countrycode join city as t3 on t1.code  =  t3.countrycode where t2.isofficial  =  't' and t2.language  =  'chinese' and t1.continent  =  ""asia""",SELECT DISTINCT T1.Name FROM city AS T1 JOIN country AS T2 JOIN country AS T3 ON T1.CountryCode = countrylanguage.CountryCode AND T2.Code = countrylanguage.CountryCode WHERE T2.Continent = 'Chinese' AND T1.Population = 'value',False,False,no such column: countrylanguage.CountryCode,schema_linking_error,schema_linking_error|wrong_table|wrong_column|where_error,"missed linked gold element(s): countrylanguage.Language (link EM/VEM); tables gold=['city', 'country', 'countrylanguage'] pred=['city', 'country']; missing columns: countrylanguage.Language, countrylanguage.IsOfficial; extra columns: city.Population; WHERE conditions differ (operators / conjunctions / count)"
dev_00787,world_1,hard,Return the different names of cities that are in Asia and for which Chinese is the official language.,"SELECT DISTINCT T3.Name FROM country AS T1 JOIN countrylanguage AS T2 ON T1.Code  =  T2.CountryCode JOIN city AS T3 ON T1.Code  =  T3.CountryCode WHERE T2.IsOfficial  =  'T' AND T2.Language  =  'Chinese' AND T1.Continent  =  ""Asia""",SELECT DISTINCT T2.Name FROM country AS T1 JOIN city AS T2 ON T1.Code = T2.CountryCode WHERE T1.Continent = 'Asia' AND countrylanguage.Language = 'Chinese',False,False,no such column: countrylanguage.Language,wrong_table,wrong_table|wrong_column|where_error,"tables gold=['city', 'country', 'countrylanguage'] pred=['city', 'country']; missing columns: countrylanguage.IsOfficial; WHERE conditions differ (operators / conjunctions / count)"
dev_00790,world_1,medium,"What are the population, name and leader of the country with the largest area?","SELECT Name ,  population ,  HeadOfState FROM country ORDER BY SurfaceArea DESC LIMIT 1","SELECT Population, Name, Region FROM country ORDER BY SurfaceArea DESC LIMIT 1",False,False,,wrong_column,wrong_column,missing columns: country.HeadOfState; extra columns: country.Region
dev_00792,world_1,medium,Return the country name and the numbers of languages spoken for each country that speaks at least 3 languages.,"SELECT COUNT(T2.Language) ,  T1.Name FROM country AS T1 JOIN countrylanguage AS T2 ON T1.Code  =  T2.CountryCode GROUP BY T1.Name HAVING COUNT(*)  >  2","SELECT T1.Name, count(*) FROM country AS T1 JOIN countrylanguage AS T2 ON T1.Code = T2.CountryCode GROUP BY T1.Name HAVING count(*) >= 3",False,True,,schema_linking_error,schema_linking_error|wrong_column|group_by_error,missed linked gold element(s): countrylanguage.Language (link EM); missing columns: countrylanguage.Language; GROUP BY / HAVING differs
dev_00793,world_1,medium,"What are the names of countries that speak more than 2 languages, as well as how many languages they speak?","SELECT COUNT(T2.Language) ,  T1.Name FROM country AS T1 JOIN countrylanguage AS T2 ON T1.Code  =  T2.CountryCode GROUP BY T1.Name HAVING COUNT(*)  >  2","SELECT T1.Name, count(*) FROM country AS T1 JOIN countrylanguage AS T2 ON T1.Code = T2.CountryCode GROUP BY T1.Continent HAVING count(*) > 2",False,False,,schema_linking_error,schema_linking_error|wrong_column|group_by_error,missed linked gold element(s): countrylanguage.Language (link EM); missing columns: countrylanguage.Language; extra columns: country.Continent; GROUP BY / HAVING differs
dev_00794,world_1,extra,Find the number of cities in each district whose population is greater than the average population of cities?,"SELECT count(*) ,  District FROM city WHERE Population  >  (SELECT avg(Population) FROM city) GROUP BY District","SELECT count(*), District FROM city WHERE Population > (SELECT avg(Population) FROM city)",False,False,,group_by_error,group_by_error,GROUP BY / HAVING differs
dev_00795,world_1,extra,How many cities in each district have a population that is above the average population across all cities?,"SELECT count(*) ,  District FROM city WHERE Population  >  (SELECT avg(Population) FROM city) GROUP BY District","SELECT District, count(*) FROM city WHERE Population > (SELECT avg(Population) FROM city)",False,False,,group_by_error,group_by_error,GROUP BY / HAVING differs
dev_00796,world_1,medium,Find the government form name and total population for each government form whose average life expectancy is longer than 72.,"SELECT sum(Population) ,  GovernmentForm FROM country GROUP BY GovernmentForm HAVING avg(LifeExpectancy)  >  72","SELECT GovernmentForm, avg(Population) FROM country WHERE LifeExpectancy > 72 GROUP BY GovernmentForm",False,False,,aggregation_error,aggregation_error|where_error|group_by_error,aggregation functions differ; WHERE conditions differ (operators / conjunctions / count); GROUP BY / HAVING differs
dev_00797,world_1,medium,What are the different government forms and what is the total population of each for government forms that have an average life expectancy greater than 72?,"SELECT sum(Population) ,  GovernmentForm FROM country GROUP BY GovernmentForm HAVING avg(LifeExpectancy)  >  72","SELECT GovernmentForm, sum(Population) FROM country WHERE LifeExpectancy > 72 GROUP BY GovernmentForm",False,False,,aggregation_error,aggregation_error|where_error|group_by_error,aggregation functions differ; WHERE conditions differ (operators / conjunctions / count); GROUP BY / HAVING differs
dev_00798,world_1,medium,Find the average life expectancy and total population for each continent where the average life expectancy is shorter than 72?,"SELECT sum(Population) ,  avg(LifeExpectancy) ,  Continent FROM country GROUP BY Continent HAVING avg(LifeExpectancy)  <  72","SELECT avg(LifeExpectancy), avg(Population), Continent FROM country WHERE Population < 72 GROUP BY Continent",False,False,,wrong_column,wrong_column|where_error|group_by_error,SELECT list differs (missing / extra / duplicated items); WHERE conditions differ (operators / conjunctions / count); GROUP BY / HAVING differs
dev_00799,world_1,medium,"What are the different continents and the total popuation and average life expectancy corresponding to each, for continents that have an average life expectancy less than 72?","SELECT sum(Population) ,  avg(LifeExpectancy) ,  Continent FROM country GROUP BY Continent HAVING avg(LifeExpectancy)  <  72","SELECT Continent, avg(LifeExpectancy) FROM country WHERE LifeExpectancy < 72 GROUP BY Continent",False,False,,wrong_column,wrong_column|where_error|group_by_error,missing columns: country.Population; WHERE conditions differ (operators / conjunctions / count); GROUP BY / HAVING differs
dev_00805,world_1,medium,Return the names of the 3 countries with the fewest people.,SELECT Name FROM country ORDER BY Population ASC LIMIT 3,SELECT Name FROM country ORDER BY Population DESC LIMIT 3,False,False,,order_by_error,order_by_error,"ORDER BY differs (gold ('asc', [(0, (0, 14, False), None)]) limit=3; pred ('desc', [(0, (0, 14, False), None)]) limit=3)"
dev_00808,world_1,medium,What are the names of the countries that are in the continent of Europe and have a population of 80000?,"SELECT Name FROM country WHERE continent  =  ""Europe"" AND Population  =  ""80000""",SELECT Name FROM country WHERE Continent = 'Europe' AND Population > 80000,False,False,,where_error,where_error,WHERE conditions differ (operators / conjunctions / count)
dev_00809,world_1,medium,Give the names of countries that are in Europe and have a population equal to 80000.,"SELECT Name FROM country WHERE continent  =  ""Europe"" AND Population  =  ""80000""",SELECT Name FROM country WHERE Continent = 'Europe' AND Population > 80000,False,False,,where_error,where_error,WHERE conditions differ (operators / conjunctions / count)
dev_00810,world_1,hard,What is the total population and average area of countries in the continent of North America whose area is bigger than 3000 ?,"select sum(population) ,  avg(surfacearea) from country where continent  =  ""north america"" and surfacearea  >  3000","SELECT sum(Population), sum(Population) FROM country WHERE Continent = 'North America' AND SurfaceArea > 3000",False,False,,wrong_column,wrong_column,SELECT list differs (missing / extra / duplicated items)
dev_00811,world_1,hard,Give the total population and average surface area corresponding to countries in North America that have a surface area greater than 3000 .,"select sum(population) ,  avg(surfacearea) from country where continent  =  ""north america"" and surfacearea  >  3000","SELECT sum(Population), sum(SurfaceArea) FROM country WHERE Continent = 'North America' AND SurfaceArea > 3000",False,False,,aggregation_error,aggregation_error,aggregation functions differ
dev_00816,world_1,medium,What is the language spoken by the largest percentage of people in each country?,"SELECT LANGUAGE ,  CountryCode ,  max(Percentage) FROM countrylanguage GROUP BY CountryCode","SELECT Language, max(Percentage) FROM countrylanguage GROUP BY Language ORDER BY sum(Percentage) DESC LIMIT 1",False,False,,wrong_column,wrong_column|group_by_error|order_by_error,"missing columns: countrylanguage.CountryCode; GROUP BY / HAVING differs; ORDER BY differs (gold none limit=None; pred ('desc', [(0, (4, 26, False), None)]) limit=1)"
dev_00817,world_1,medium,"What are the country codes of the different countries, and what are the languages spoken by the greatest percentage of people for each?","SELECT LANGUAGE ,  CountryCode ,  max(Percentage) FROM countrylanguage GROUP BY CountryCode","SELECT T1.Code, T2.Language FROM country AS T1 JOIN countrylanguage AS T2 ON T1.Code = T2.CountryCode GROUP BY T2.CountryCode ORDER BY sum(T2.Percentage) DESC LIMIT 1",False,False,,schema_linking_error,schema_linking_error|wrong_table|wrong_column|order_by_error,"used linked but wrong element(s): country.Code, country; tables gold=['countrylanguage'] pred=['country', 'countrylanguage']; extra columns: country.Code; ORDER BY differs (gold none limit=None; pred ('desc', [(0, (4, 26, False), None)]) limit=1)"
dev_00818,world_1,extra,What is the total number of countries where Spanish is spoken by the largest percentage of people?,"SELECT count(*) ,   max(Percentage) FROM countrylanguage WHERE LANGUAGE  =  ""Spanish"" GROUP BY CountryCode",SELECT count(*) FROM country AS T1 JOIN countrylanguage AS T2 ON T1.Code = T2.CountryCode WHERE T2.Language = 'Spanish' ORDER BY T2.Percentage DESC LIMIT 1,False,False,,schema_linking_error,schema_linking_error|wrong_table|wrong_column|group_by_error|order_by_error,"used linked but wrong element(s): country; tables gold=['countrylanguage'] pred=['country', 'countrylanguage']; missing columns: countrylanguage.CountryCode; GROUP BY / HAVING differs; ORDER BY differs (gold none limit=None; pred ('desc', [(0, (0, 26, False), None)]) limit=1)"
dev_00819,world_1,extra,Count the number of countries for which Spanish is the predominantly spoken language.,"SELECT count(*) ,   max(Percentage) FROM countrylanguage WHERE LANGUAGE  =  ""Spanish"" GROUP BY CountryCode",SELECT count(*) FROM country AS T1 JOIN countrylanguage AS T2 ON T1.Code = T2.CountryCode WHERE T2.Language = 'Spanish',False,False,,schema_linking_error,schema_linking_error|wrong_table|wrong_column|group_by_error,"used linked but wrong element(s): country; tables gold=['countrylanguage'] pred=['country', 'countrylanguage']; missing columns: countrylanguage.CountryCode, countrylanguage.Percentage; GROUP BY / HAVING differs"
dev_00820,world_1,medium,What are the codes of countries where Spanish is spoken by the largest percentage of people?,"SELECT CountryCode ,  max(Percentage) FROM countrylanguage WHERE LANGUAGE  =  ""Spanish"" GROUP BY CountryCode",SELECT T1.Code FROM country AS T1 JOIN countrylanguage AS T2 ON T1.Code = T2.CountryCode WHERE T2.Language = 'Spanish' ORDER BY T2.Percentage DESC LIMIT 1,False,False,,schema_linking_error,schema_linking_error|wrong_table|wrong_column|group_by_error|order_by_error,"used linked but wrong element(s): country.Code, country; tables gold=['countrylanguage'] pred=['country', 'countrylanguage']; missing columns: countrylanguage.CountryCode; extra columns: country.Code; GROUP BY / HAVING differs; ORDER BY differs (gold none limit=None; pred ('desc', [(0, (0, 26, False), None)]) limit=1)"
dev_00821,world_1,medium,Return the codes of countries for which Spanish is the predominantly spoken language.,"SELECT CountryCode ,  max(Percentage) FROM countrylanguage WHERE LANGUAGE  =  ""Spanish"" GROUP BY CountryCode",SELECT T1.Code FROM country AS T1 JOIN countrylanguage AS T2 ON T1.Code = T2.CountryCode WHERE T2.Language = 'Spanish',False,False,,schema_linking_error,schema_linking_error|wrong_table|wrong_column|group_by_error,"used linked but wrong element(s): country.Code, country; tables gold=['countrylanguage'] pred=['country', 'countrylanguage']; missing columns: countrylanguage.CountryCode, countrylanguage.Percentage; extra columns: country.Code; GROUP BY / HAVING differs"
dev_00841,orchestra,medium,What are the names of conductors as well as the corresonding orchestras that they have conducted?,"SELECT T1.Name ,  T2.Orchestra FROM conductor AS T1 JOIN orchestra AS T2 ON T1.Conductor_ID  =  T2.Conductor_ID",SELECT T3.Name FROM performance AS T1 JOIN orchestra AS T2 JOIN conductor AS T3 ON T3.Conductor_ID = T1.Orchestra_ID AND T3.Conductor_ID = T1.Orchestra_ID,False,False,,schema_linking_error,schema_linking_error|wrong_table|wrong_column,"missed linked gold element(s): orchestra.Orchestra (link EM); tables gold=['conductor', 'orchestra'] pred=['conductor', 'orchestra', 'performance']; missing columns: orchestra.Orchestra"
dev_00850,orchestra,medium,Please show the record formats of orchestras in ascending order of count.,SELECT Major_Record_Format FROM orchestra GROUP BY Major_Record_Format ORDER BY COUNT(*) ASC,SELECT Major_Record_Format FROM orchestra ORDER BY Major_Record_Format ASC,False,False,,group_by_error,group_by_error|order_by_error,"GROUP BY / HAVING differs; ORDER BY differs (gold ('asc', [(0, (3, 0, False), None)]) limit=None; pred ('asc', [(0, (0, 11, False), None)]) limit=None)"
dev_00851,orchestra,medium,"What are the major record formats of orchestras, sorted by their frequency?",SELECT Major_Record_Format FROM orchestra GROUP BY Major_Record_Format ORDER BY COUNT(*) ASC,SELECT Major_Record_Format FROM orchestra ORDER BY Major_Record_Format ASC,False,False,,group_by_error,group_by_error|order_by_error,"GROUP BY / HAVING differs; ORDER BY differs (gold ('asc', [(0, (3, 0, False), None)]) limit=None; pred ('asc', [(0, (0, 11, False), None)]) limit=None)"
dev_00856,orchestra,hard,Show the record companies shared by orchestras founded before 2003 and after 2003.,SELECT Record_Company FROM orchestra WHERE Year_of_Founded  <  2003 INTERSECT SELECT Record_Company FROM orchestra WHERE Year_of_Founded  >  2003,SELECT Record_Company FROM orchestra WHERE Year_of_Founded < 2003 INTERSECT SELECT Record_Company FROM orchestra WHERE Year_of_Founded < 2003,False,False,,where_error,where_error,WHERE conditions differ (operators / conjunctions / count)
dev_00857,orchestra,hard,What are the record companies that are used by both orchestras founded before 2003 and those founded after 2003?,SELECT Record_Company FROM orchestra WHERE Year_of_Founded  <  2003 INTERSECT SELECT Record_Company FROM orchestra WHERE Year_of_Founded  >  2003,SELECT Record_Company FROM orchestra WHERE Year_of_Founded < 2003 INTERSECT SELECT Record_Company FROM orchestra WHERE Year_of_Founded < 2003,False,False,,where_error,where_error,WHERE conditions differ (operators / conjunctions / count)
dev_00866,network_1,easy,Show all the grades of the high schoolers.,SELECT grade FROM Highschooler,SELECT DISTINCT grade FROM Highschooler,True,False,,wrong_value,wrong_value,structure matches but execution result differs (literal values / LIMIT / DISTINCT)
dev_00883,network_1,medium,How many friends does each student have?,"SELECT student_id ,  count(*) FROM Friend GROUP BY student_id","SELECT count(*), Highschooler.name FROM Friend GROUP BY student_id",False,False,no such column: Highschooler.name,wrong_column,wrong_column,extra columns: Highschooler.name
dev_00884,network_1,medium,Show the names of high school students and their corresponding number of friends.,"SELECT T2.name ,  count(*) FROM Friend AS T1 JOIN Highschooler AS T2 ON T1.student_id  =  T2.id GROUP BY T1.student_id","SELECT T1.name, count(*) FROM Highschooler AS T1 JOIN Friend AS T2 ON T1.ID = T2.student_id WHERE T1.grade = 'value' GROUP BY T1.name",False,False,,wrong_column,wrong_column|where_error|group_by_error,missing columns: Friend.student_id; extra columns: Highschooler.grade; WHERE conditions differ (operators / conjunctions / count); GROUP BY / HAVING differs
dev_00885,network_1,medium,What are the names of the high schoolers and how many friends does each have?,"SELECT T2.name ,  count(*) FROM Friend AS T1 JOIN Highschooler AS T2 ON T1.student_id  =  T2.id GROUP BY T1.student_id","SELECT T1.name, count(*) FROM Highschooler AS T1 JOIN Friend AS T2 ON T1.ID = T2.student_id GROUP BY T1.name",False,False,,wrong_column,wrong_column|group_by_error,missing columns: Friend.student_id; GROUP BY / HAVING differs
dev_00886,network_1,extra,What is the name of the high schooler who has the greatest number of friends?,SELECT T2.name FROM Friend AS T1 JOIN Highschooler AS T2 ON T1.student_id  =  T2.id GROUP BY T1.student_id ORDER BY count(*) DESC LIMIT 1,SELECT T1.name FROM Highschooler AS T1 JOIN Friend AS T2 ON T1.ID = T2.student_id GROUP BY T1.name ORDER BY count(*) DESC LIMIT 1,False,False,,wrong_column,wrong_column|group_by_error,missing columns: Friend.student_id; GROUP BY / HAVING differs
dev_00887,network_1,extra,Return the name of the high school student with the most friends.,SELECT T2.name FROM Friend AS T1 JOIN Highschooler AS T2 ON T1.student_id  =  T2.id GROUP BY T1.student_id ORDER BY count(*) DESC LIMIT 1,SELECT T1.name FROM Highschooler AS T1 JOIN Friend AS T2 ON T1.ID = T2.student_id WHERE T1.grade = 'value' GROUP BY T2.student_id ORDER BY count(*) DESC LIMIT 1,False,False,,wrong_column,wrong_column|where_error,extra columns: Highschooler.grade; WHERE conditions differ (operators / conjunctions / count)
dev_00888,network_1,medium,Show the names of high schoolers who have at least 3 friends.,SELECT T2.name FROM Friend AS T1 JOIN Highschooler AS T2 ON T1.student_id  =  T2.id GROUP BY T1.student_id HAVING count(*)  >=  3,SELECT T1.name FROM Highschooler AS T1 JOIN Friend AS T2 ON T1.ID = T2.student_id GROUP BY T1.name HAVING count(*) >= 3,False,False,,wrong_column,wrong_column|group_by_error,missing columns: Friend.student_id; GROUP BY / HAVING differs
dev_00889,network_1,medium,What are the names of high schoolers who have 3 or more friends?,SELECT T2.name FROM Friend AS T1 JOIN Highschooler AS T2 ON T1.student_id  =  T2.id GROUP BY T1.student_id HAVING count(*)  >=  3,SELECT T1.name FROM Highschooler AS T1 JOIN Friend AS T2 ON T1.ID = T2.student_id GROUP BY T1.name HAVING count(*) >= 3,False,False,,wrong_column,wrong_column|group_by_error,missing columns: Friend.student_id; GROUP BY / HAVING differs
dev_00890,network_1,hard,Show the names of all of the high schooler Kyle's friends.,"SELECT T3.name FROM Friend AS T1 JOIN Highschooler AS T2 ON T1.student_id  =  T2.id JOIN Highschooler AS T3 ON T1.friend_id  =  T3.id WHERE T2.name  =  ""Kyle""",SELECT * FROM Highschooler AS T1 JOIN Friend AS T2 ON T1.ID = T2.friend_id WHERE T1.name = 'Kyle',False,False,,wrong_join,wrong_join|wrong_column,same tables but different join conditions / number of table units; SELECT list differs (missing / extra / duplicated items)
dev_00891,network_1,hard,Return the names of friends of the high school student Kyle.,"SELECT T3.name FROM Friend AS T1 JOIN Highschooler AS T2 ON T1.student_id  =  T2.id JOIN Highschooler AS T3 ON T1.friend_id  =  T3.id WHERE T2.name  =  ""Kyle""",SELECT * FROM Highschooler AS T1 JOIN Friend AS T2 ON T1.ID = T2.student_id WHERE T1.name = 'Kyle',False,False,,wrong_join,wrong_join|wrong_column,same tables but different join conditions / number of table units; SELECT list differs (missing / extra / duplicated items)
dev_00895,network_1,hard,What are the ids of high school students who do not have friends?,SELECT id FROM Highschooler EXCEPT SELECT student_id FROM Friend,SELECT ID FROM Highschooler EXCEPT SELECT student_id FROM Friend WHERE Highschooler.grade = 'value',False,False,no such column: Highschooler.grade,wrong_column,wrong_column|where_error,extra columns: Highschooler.grade; WHERE conditions differ (operators / conjunctions / count)
dev_00896,network_1,hard,Show names of all high school students who do not have any friends.,SELECT name FROM Highschooler EXCEPT SELECT T2.name FROM Friend AS T1 JOIN Highschooler AS T2 ON T1.student_id  =  T2.id,SELECT name FROM Highschooler EXCEPT SELECT T1.name FROM Highschooler AS T1 JOIN Friend AS T2 ON T1.ID = T2.student_id WHERE T1.grade = 'value',False,False,,wrong_column,wrong_column|where_error,extra columns: Highschooler.grade; WHERE conditions differ (operators / conjunctions / count)
dev_00897,network_1,hard,What are the names of students who have no friends?,SELECT name FROM Highschooler EXCEPT SELECT T2.name FROM Friend AS T1 JOIN Highschooler AS T2 ON T1.student_id  =  T2.id,SELECT name FROM Highschooler WHERE ID NOT IN (SELECT student_id FROM Friend),False,True,,nested_query_error,nested_query_error|wrong_join|wrong_column|where_error,"nesting differs (gold sub-queries=0 set-ops=['except']; pred sub-queries=1 set-ops=[]); extra columns: Highschooler.ID, Friend.student_id; same tables but different join conditions / number of table units; WHERE conditions differ (operators / conjunctions / count)"
dev_00898,network_1,hard,Show the ids of high schoolers who have friends and are also liked by someone else.,SELECT student_id FROM Friend INTERSECT SELECT liked_id FROM Likes,SELECT ID FROM Highschooler INTERSECT SELECT Likes.liked_id FROM Friend WHERE Highschooler.grade = 'value',False,False,no such column: Likes.liked_id,schema_linking_error,schema_linking_error|wrong_table|wrong_column|where_error,"used linked but wrong element(s): Highschooler; tables gold=['Friend', 'Likes'] pred=['Friend', 'Highschooler']; missing columns: Friend.student_id; extra columns: Highschooler.ID, Highschooler.grade; WHERE conditions differ (operators / conjunctions / count)"
dev_00899,network_1,hard,What are the ids of students who both have friends and are liked?,SELECT student_id FROM Friend INTERSECT SELECT liked_id FROM Likes,SELECT Likes.student_id FROM Highschooler INTERSECT SELECT student_id FROM Friend,False,False,no such column: Likes.student_id,wrong_table,wrong_table|wrong_column,"tables gold=['Friend', 'Likes'] pred=['Friend', 'Highschooler']; missing columns: Likes.liked_id; extra columns: Likes.student_id"
dev_00900,network_1,hard,Show name of all students who have some friends and also are liked by someone else.,SELECT T2.name FROM Friend AS T1 JOIN Highschooler AS T2 ON T1.student_id  =  T2.id INTERSECT SELECT T2.name FROM Likes AS T1 JOIN Highschooler AS T2 ON T1.liked_id  =  T2.id,SELECT T1.name FROM Highschooler AS T1 JOIN Friend AS T2 ON T1.ID = Likes.student_id WHERE T1.grade = 'value' INTERSECT SELECT T3.name FROM Highschooler AS T3 JOIN Friend AS T4 ON T3.ID = Likes.student_id WHERE T3.grade = 'value',False,False,no such column: Likes.student_id,wrong_table,wrong_table|wrong_column|where_error,"tables gold=['Friend', 'Highschooler', 'Likes'] pred=['Friend', 'Highschooler']; extra columns: Highschooler.grade; WHERE conditions differ (operators / conjunctions / count)"
dev_00901,network_1,hard,What are the names of high schoolers who both have friends and are liked?,SELECT T2.name FROM Friend AS T1 JOIN Highschooler AS T2 ON T1.student_id  =  T2.id INTERSECT SELECT T2.name FROM Likes AS T1 JOIN Highschooler AS T2 ON T1.liked_id  =  T2.id,SELECT name FROM Highschooler INTERSECT SELECT T1.name FROM Highschooler AS T1 JOIN Friend AS T2 ON T1.ID = Likes.liked_id,False,False,no such column: Likes.liked_id,wrong_table,wrong_table,"tables gold=['Friend', 'Highschooler', 'Likes'] pred=['Friend', 'Highschooler']"
dev_00904,network_1,medium,"Show the names of high schoolers who have likes, and numbers of likes for each.","SELECT T2.name ,  count(*) FROM Likes AS T1 JOIN Highschooler AS T2 ON T1.student_id  =  T2.id GROUP BY T1.student_id","SELECT T1.name, count(*) FROM Highschooler AS T1 JOIN Likes AS T2 ON T1.ID = T2.liked_id GROUP BY T1.name",False,False,,wrong_join,wrong_join|wrong_column|group_by_error,missing columns: Likes.student_id; same tables but different join conditions / number of table units; GROUP BY / HAVING differs
dev_00905,network_1,medium,"What are the names of high schoolers who have likes, and how many likes does each have?","SELECT T2.name ,  count(*) FROM Likes AS T1 JOIN Highschooler AS T2 ON T1.student_id  =  T2.id GROUP BY T1.student_id","SELECT T1.name, count(*) FROM Highschooler AS T1 JOIN Likes AS T2 ON T1.ID = T2.liked_id GROUP BY T1.name",False,False,,wrong_join,wrong_join|wrong_column|group_by_error,missing columns: Likes.student_id; same tables but different join conditions / number of table units; GROUP BY / HAVING differs
dev_00906,network_1,extra,What is the name of the high schooler who has the greatest number of likes?,SELECT T2.name FROM Likes AS T1 JOIN Highschooler AS T2 ON T1.student_id  =  T2.id GROUP BY T1.student_id ORDER BY count(*) DESC LIMIT 1,SELECT T1.name FROM Highschooler AS T1 JOIN Likes AS T2 ON T1.ID = T2.liked_id GROUP BY T1.name ORDER BY count(*) DESC LIMIT 1,False,False,,wrong_join,wrong_join|wrong_column|group_by_error,missing columns: Likes.student_id; same tables but different join conditions / number of table units; GROUP BY / HAVING differs
dev_00911,network_1,hard,What are the names of high schoolers who have a grade of over 5 and have 2 or more friends?,SELECT T2.name FROM Friend AS T1 JOIN Highschooler AS T2 ON T1.student_id  =  T2.id WHERE T2.grade  >  5 GROUP BY T1.student_id HAVING count(*)  >=  2,SELECT T1.name FROM Highschooler AS T1 JOIN Friend AS T2 ON T1.ID = T2.student_id WHERE T1.grade > 5 GROUP BY T1.name HAVING count(*) >= 5,False,False,,wrong_column,wrong_column|group_by_error,missing columns: Friend.student_id; GROUP BY / HAVING differs
dev_00914,network_1,hard,Find the average grade of all students who have some friends.,SELECT avg(grade) FROM Highschooler WHERE id IN (SELECT T1.student_id FROM Friend AS T1 JOIN Highschooler AS T2 ON T1.student_id  =  T2.id),SELECT avg(T1.grade) FROM Highschooler AS T1 JOIN Friend AS T2 ON T1.ID = T2.student_id,False,False,,nested_query_error,nested_query_error|wrong_join|wrong_column|where_error,"nesting differs (gold sub-queries=1 set-ops=[]; pred sub-queries=0 set-ops=[]); missing columns: Highschooler.ID, Friend.student_id; same tables but different join conditions / number of table units; WHERE conditions differ (operators / conjunctions / count)"
dev_00915,network_1,hard,What is the average grade of students who have friends?,SELECT avg(grade) FROM Highschooler WHERE id IN (SELECT T1.student_id FROM Friend AS T1 JOIN Highschooler AS T2 ON T1.student_id  =  T2.id),SELECT avg(T1.grade) FROM Highschooler AS T1 JOIN Friend AS T2 ON T1.ID = T2.student_id,False,False,,nested_query_error,nested_query_error|wrong_join|wrong_column|where_error,"nesting differs (gold sub-queries=1 set-ops=[]; pred sub-queries=0 set-ops=[]); missing columns: Highschooler.ID, Friend.student_id; same tables but different join conditions / number of table units; WHERE conditions differ (operators / conjunctions / count)"
dev_00916,network_1,extra,Find the minimum grade of students who have no friends.,SELECT min(grade) FROM Highschooler WHERE id NOT IN (SELECT T1.student_id FROM Friend AS T1 JOIN Highschooler AS T2 ON T1.student_id  =  T2.id),SELECT min(grade) FROM Highschooler WHERE ID NOT IN (SELECT student_id FROM Friend),False,True,,wrong_join,wrong_join|where_error,same tables but different join conditions / number of table units; WHERE conditions differ (operators / conjunctions / count)
dev_00917,network_1,extra,What is the lowest grade of students who do not have any friends?,SELECT min(grade) FROM Highschooler WHERE id NOT IN (SELECT T1.student_id FROM Friend AS T1 JOIN Highschooler AS T2 ON T1.student_id  =  T2.id),SELECT grade FROM Highschooler WHERE ID NOT IN (SELECT student_id FROM Friend),False,False,,wrong_join,wrong_join|aggregation_error|where_error,same tables but different join conditions / number of table units; aggregation functions differ; WHERE conditions differ (operators / conjunctions / count)
dev_00920,dog_kennels,hard,What is the average age of the dogs who have gone through any treatments?,SELECT avg(age) FROM Dogs WHERE dog_id IN ( SELECT dog_id FROM Treatments ),SELECT avg(age) FROM Dogs UNION SELECT Dogs.date_departed FROM Treatments,False,False,no such column: Dogs.date_departed,nested_query_error,nested_query_error|wrong_column|where_error,"nesting differs (gold sub-queries=1 set-ops=[]; pred sub-queries=0 set-ops=['union']); missing columns: Dogs.dog_id, Treatments.dog_id; extra columns: Dogs.date_departed; WHERE conditions differ (operators / conjunctions / count)"
dev_00921,dog_kennels,hard,Find the average age of the dogs who went through treatments.,SELECT avg(age) FROM Dogs WHERE dog_id IN ( SELECT dog_id FROM Treatments ),SELECT avg(age) FROM Dogs,False,False,,nested_query_error,nested_query_error|schema_linking_error|wrong_table|wrong_column|where_error,"nesting differs (gold sub-queries=1 set-ops=[]; pred sub-queries=0 set-ops=[]); missed linked gold element(s): Treatments (table link); tables gold=['Dogs', 'Treatments'] pred=['Dogs']; missing columns: Dogs.dog_id, Treatments.dog_id; WHERE conditions differ (operators / conjunctions / count)"
dev_00922,dog_kennels,extra,"Which professionals live in the state of Indiana or have done treatment on more than 2 treatments? List his or her id, last name and cell phone.","SELECT professional_id ,  last_name ,  cell_number FROM Professionals WHERE state  =  'Indiana' UNION SELECT T1.professional_id ,  T1.last_name ,  T1.cell_number FROM Professionals AS T1 JOIN Treatments AS T2 ON T1.professional_id  =  T2.professional_id GROUP BY T1.professional_id HAVING count(*)  >  2","SELECT T1.professional_id, T1.last_name, T1.cell_number FROM Professionals AS T1 JOIN Treatments AS T2 ON T2.professional_id = T1.professional_id WHERE T1.state = 'Indiana' GROUP BY T1.professional_id HAVING count(*) > 2",False,False,,nested_query_error,nested_query_error|wrong_join|where_error|group_by_error,nesting differs (gold sub-queries=0 set-ops=['union']; pred sub-queries=0 set-ops=[]); same tables but different join conditions / number of table units; WHERE conditions differ (operators / conjunctions / count); GROUP BY / HAVING differs
dev_00923,dog_kennels,extra,"Find the id, last name and cell phone of the professionals who live in the state of Indiana or have performed more than two treatments.","SELECT professional_id ,  last_name ,  cell_number FROM Professionals WHERE state  =  'Indiana' UNION SELECT T1.professional_id ,  T1.last_name ,  T1.cell_number FROM Professionals AS T1 JOIN Treatments AS T2 ON T1.professional_id  =  T2.professional_id GROUP BY T1.professional_id HAVING count(*)  >  2","SELECT T1.professional_id, T1.last_name, T1.cell_number FROM Professionals AS T1 JOIN Treatments AS T2 ON T1.professional_id = T2.professional_id WHERE T1.state = 'Indiana' GROUP BY T1.professional_id HAVING count(*) > 2",False,False,,nested_query_error,nested_query_error|wrong_join|where_error|group_by_error,nesting differs (gold sub-queries=0 set-ops=['union']; pred sub-queries=0 set-ops=[]); same tables but different join conditions / number of table units; WHERE conditions differ (operators / conjunctions / count); GROUP BY / HAVING differs
dev_00924,dog_kennels,hard,Which dogs have not cost their owner more than 1000 for treatment ? List the dog names .,select name from dogs where dog_id not in ( select dog_id from treatments group by dog_id having sum(cost_of_treatment)  >  1000 ),SELECT name FROM Dogs EXCEPT SELECT T1.name FROM Dogs AS T1 JOIN Treatments AS T2 ON T1.dog_id = T2.dog_id WHERE T2.cost_of_treatment > 1000,False,False,,nested_query_error,nested_query_error|wrong_join|wrong_column|where_error,"nesting differs (gold sub-queries=1 set-ops=[]; pred sub-queries=0 set-ops=['except']); missing columns: Dogs.dog_id, Treatments.dog_id; same tables but different join conditions / number of table units; WHERE conditions differ (operators / conjunctions / count)"
dev_00925,dog_kennels,hard,What are the names of the dogs for which the owner has not spend more than 1000 for treatment ?,select name from dogs where dog_id not in ( select dog_id from treatments group by dog_id having sum(cost_of_treatment)  >  1000 ),SELECT name FROM Dogs EXCEPT SELECT T1.name FROM Dogs AS T1 JOIN Treatments AS T2 ON T2.dog_id = T1.dog_id WHERE T2.cost_of_treatment > 1000,False,False,,nested_query_error,nested_query_error|wrong_join|wrong_column|where_error,"nesting differs (gold sub-queries=1 set-ops=[]; pred sub-queries=0 set-ops=['except']); missing columns: Dogs.dog_id, Treatments.dog_id; same tables but different join conditions / number of table units; WHERE conditions differ (operators / conjunctions / count)"
dev_00926,dog_kennels,hard,Which first names are used for professionals or owners but are not used as dog names?,SELECT first_name FROM Professionals UNION SELECT first_name FROM Owners EXCEPT SELECT name FROM Dogs,SELECT first_name FROM Owners EXCEPT SELECT T1.first_name FROM Owners AS T1 JOIN Dogs AS T2 ON T1.owner_id = T2.owner_id,False,False,,nested_query_error,nested_query_error|schema_linking_error|wrong_table|wrong_column|where_error,"nesting differs (gold sub-queries=0 set-ops=['union']; pred sub-queries=0 set-ops=['except']); missed linked gold element(s): Dogs.name (link EM), Professionals.first_name (link EM), Professionals (table link); tables gold=['Dogs', 'Owners', 'Professionals'] pred=['Dogs', 'Owners']; missing columns: Dogs.name, Professionals.first_name; WHERE conditions differ (operators / conjunctions / count)"
dev_00927,dog_kennels,hard,Find the first names that are used for professionals or owners but are not used as dog names.,SELECT first_name FROM Professionals UNION SELECT first_name FROM Owners EXCEPT SELECT name FROM Dogs,SELECT first_name FROM Owners EXCEPT SELECT T1.first_name FROM Owners AS T1 JOIN Dogs AS T2 JOIN Professionals AS T3 ON T1.owner_id = T2.owner_id AND T2.owner_id = T2.dog_id,False,False,,nested_query_error,nested_query_error|schema_linking_error|wrong_join|wrong_column|where_error,"nesting differs (gold sub-queries=0 set-ops=['union']; pred sub-queries=0 set-ops=['except']); missed linked gold element(s): Dogs.name (link EM), Professionals.first_name (link EM); missing columns: Dogs.name, Professionals.first_name; same tables but different join conditions / number of table units; WHERE conditions differ (operators / conjunctions / count)"
dev_00929,dog_kennels,extra,"Give me the id, role and email of the professionals who did not perform any treatment on dogs.","SELECT professional_id ,  role_code ,  email_address FROM Professionals EXCEPT SELECT T1.professional_id ,  T1.role_code ,  T1.email_address FROM Professionals AS T1 JOIN Treatments AS T2 ON T1.professional_id  =  T2.professional_id","SELECT professional_id, role_code, email_address FROM Professionals EXCEPT SELECT T1.professional_id, T1.role_code FROM Professionals AS T1 JOIN Treatments AS T2 ON T1.professional_id = T2.professional_id",False,False,SELECTs to the left and right of EXCEPT do not have the same number of result columns,semantic_reasoning_error,semantic_reasoning_error,no single structural component explains the difference
dev_00934,dog_kennels,extra,What is the name of the breed with the most dogs?,SELECT T1.breed_name FROM Breeds AS T1 JOIN Dogs AS T2 ON T1.breed_code  =  T2.breed_code GROUP BY T1.breed_name ORDER BY count(*) DESC LIMIT 1,SELECT T1.breed_name FROM Breeds AS T1 JOIN Dogs AS T2 ON T1.breed_code = T2.breed_code GROUP BY T2.breed_code ORDER BY count(*) DESC LIMIT 1,False,True,,wrong_column,wrong_column|group_by_error,extra columns: Dogs.breed_code; GROUP BY / HAVING differs
dev_00935,dog_kennels,extra,Which breed do the most dogs have? Give me the breed name.,SELECT T1.breed_name FROM Breeds AS T1 JOIN Dogs AS T2 ON T1.breed_code  =  T2.breed_code GROUP BY T1.breed_name ORDER BY count(*) DESC LIMIT 1,SELECT Breeds.breed_name FROM Dogs GROUP BY breed_code ORDER BY count(*) DESC LIMIT 1,False,False,no such column: Breeds.breed_name,schema_linking_error,schema_linking_error|wrong_table|wrong_column|group_by_error,"missed linked gold element(s): Breeds (table link); tables gold=['Breeds', 'Dogs'] pred=['Dogs']; extra columns: Dogs.breed_code; GROUP BY / HAVING differs"
dev_00936,dog_kennels,extra,Which owner has paid for the most treatments on his or her dogs? List the owner id and last name.,"SELECT T1.owner_id ,  T1.last_name FROM Owners AS T1 JOIN Dogs AS T2 ON T1.owner_id  =  T2.owner_id JOIN Treatments AS T3 ON T2.dog_id  =  T3.dog_id GROUP BY T1.owner_id ORDER BY count(*) DESC LIMIT 1","SELECT T1.owner_id, T1.last_name FROM Owners AS T1 JOIN Dogs AS T2 JOIN Treatments AS T3 ON T1.owner_id = T2.owner_id AND T2.dog_id = T2.dog_id GROUP BY T1.owner_id ORDER BY sum(T3.cost_of_treatment) DESC LIMIT 1",False,True,,wrong_join,wrong_join|wrong_column|order_by_error,"extra columns: Treatments.cost_of_treatment; same tables but different join conditions / number of table units; ORDER BY differs (gold ('desc', [(0, (3, 0, False), None)]) limit=1; pred ('desc', [(0, (4, 49, False), None)]) limit=1)"
dev_00937,dog_kennels,extra,Tell me the owner id and last name of the owner who spent the most on treatments of his or her dogs.,"SELECT T1.owner_id ,  T1.last_name FROM Owners AS T1 JOIN Dogs AS T2 ON T1.owner_id  =  T2.owner_id JOIN Treatments AS T3 ON T2.dog_id  =  T3.dog_id GROUP BY T1.owner_id ORDER BY count(*) DESC LIMIT 1","SELECT T1.owner_id, T1.last_name FROM Owners AS T1 JOIN Dogs AS T2 JOIN Treatments AS T3 ON T1.owner_id = T2.owner_id AND T2.dog_id = T2.dog_id GROUP BY T1.owner_id ORDER BY sum(T3.date_of_treatment) DESC LIMIT 1",False,True,,wrong_join,wrong_join|wrong_column|order_by_error,"extra columns: Treatments.date_of_treatment; same tables but different join conditions / number of table units; ORDER BY differs (gold ('desc', [(0, (3, 0, False), None)]) limit=1; pred ('desc', [(0, (4, 48, False), None)]) limit=1)"
dev_00939,dog_kennels,extra,Give me the description of the treatment type whose total cost is the lowest.,SELECT T1.treatment_type_description FROM Treatment_types AS T1 JOIN Treatments AS T2 ON T1.treatment_type_code  =  T2.treatment_type_code GROUP BY T1.treatment_type_code ORDER BY sum(cost_of_treatment) ASC LIMIT 1,SELECT T2.treatment_type_description FROM Treatments AS T1 JOIN Treatment_Types AS T2 ON T1.treatment_type_code = T2.treatment_type_code ORDER BY T1.cost_of_treatment - T1.cost_of_treatment ASC LIMIT 1,False,True,,wrong_column,wrong_column|group_by_error|order_by_error,"missing columns: Treatment_Types.treatment_type_code; GROUP BY / HAVING differs; ORDER BY differs (gold ('asc', [(0, (4, 49, False), None)]) limit=1; pred ('asc', [(1, (0, 49, False), (0, 49, False))]) limit=1)"
dev_00940,dog_kennels,extra,Which owner has paid the largest amount of money in total for their dogs? Show the owner id and zip code.,"SELECT T1.owner_id ,  T1.zip_code FROM Owners AS T1 JOIN Dogs AS T2 ON T1.owner_id  =  T2.owner_id JOIN Treatments AS T3 ON T2.dog_id  =  T3.dog_id GROUP BY T1.owner_id ORDER BY sum(T3.cost_of_treatment) DESC LIMIT 1","SELECT T1.owner_id, T1.zip_code FROM Owners AS T1 JOIN Dogs AS T2 JOIN Charges AS T3 ON T1.owner_id = T2.owner_id AND T2.dog_id = T2.dog_id GROUP BY T1.owner_id ORDER BY sum(T3.charge_amount) DESC LIMIT 1",False,False,,wrong_table,wrong_table|wrong_column|order_by_error,"tables gold=['Dogs', 'Owners', 'Treatments'] pred=['Charges', 'Dogs', 'Owners']; missing columns: Treatments.cost_of_treatment; extra columns: Charges.charge_amount; ORDER BY differs (gold ('desc', [(0, (4, 49, False), None)]) limit=1; pred ('desc', [(0, (4, 5, False), None)]) limit=1)"
dev_00941,dog_kennels,extra,Find the owner id and zip code of the owner who spent the most money in total for his or her dogs.,"SELECT T1.owner_id ,  T1.zip_code FROM Owners AS T1 JOIN Dogs AS T2 ON T1.owner_id  =  T2.owner_id JOIN Treatments AS T3 ON T2.dog_id  =  T3.dog_id GROUP BY T1.owner_id ORDER BY sum(T3.cost_of_treatment) DESC LIMIT 1","SELECT T1.owner_id, T1.zip_code FROM Owners AS T1 JOIN Dogs AS T2 ON T1.owner_id = T2.owner_id GROUP BY T1.owner_id ORDER BY sum(T2.date_arrived) DESC LIMIT 1",False,False,,wrong_table,wrong_table|wrong_column|order_by_error,"tables gold=['Dogs', 'Owners', 'Treatments'] pred=['Dogs', 'Owners']; missing columns: Treatments.cost_of_treatment; extra columns: Dogs.date_arrived; ORDER BY differs (gold ('desc', [(0, (4, 49, False), None)]) limit=1; pred ('desc', [(0, (4, 30, False), None)]) limit=1)"
dev_00942,dog_kennels,medium,Which professionals have done at least two types of treatments? List the professional id and cell phone.,"SELECT T1.professional_id ,  T1.cell_number FROM Professionals AS T1 JOIN Treatments AS T2 ON T1.professional_id  =  T2.professional_id GROUP BY T1.professional_id HAVING count(*)  >=  2","SELECT professional_id, Professionals.cell_number FROM Treatments GROUP BY professional_id HAVING count(*) >= 2",False,False,no such column: Professionals.cell_number,schema_linking_error,schema_linking_error|wrong_table|wrong_column,"missed linked gold element(s): Professionals.professional_id (link EM), Professionals (table link); used linked but wrong element(s): Treatments.professional_id; tables gold=['Professionals', 'Treatments'] pred=['Treatments']; missing columns: Professionals.professional_id; extra columns: Treatments.professional_id"
dev_00943,dog_kennels,medium,Find the id and cell phone of the professionals who operate two or more types of treatments.,"SELECT T1.professional_id ,  T1.cell_number FROM Professionals AS T1 JOIN Treatments AS T2 ON T1.professional_id  =  T2.professional_id GROUP BY T1.professional_id HAVING count(*)  >=  2","SELECT professional_id, Professionals.cell_number FROM Treatments GROUP BY professional_id HAVING count(*) >= 2",False,False,no such column: Professionals.cell_number,schema_linking_error,schema_linking_error|wrong_table|wrong_column,"missed linked gold element(s): Professionals (table link); tables gold=['Professionals', 'Treatments'] pred=['Treatments']; missing columns: Professionals.professional_id; extra columns: Treatments.professional_id"
dev_00944,dog_kennels,extra,What are the first name and last name of the professionals who have done treatment with cost below average?,"SELECT DISTINCT T1.first_name ,  T1.last_name FROM Professionals AS T1 JOIN Treatments AS T2 WHERE cost_of_treatment  <  ( SELECT avg(cost_of_treatment) FROM Treatments )","SELECT T1.first_name, T1.last_name FROM Professionals AS T1 JOIN Treatments AS T2 ON T1.professional_id = T2.professional_id WHERE T2.cost_of_treatment < (SELECT avg(cost_of_treatment) FROM Treatments)",True,False,,wrong_join,wrong_join|wrong_value,same tables but different join conditions / number of table units; structure matches but execution result differs (literal values / LIMIT / DISTINCT)
dev_00945,dog_kennels,extra,Which professionals have operated a treatment that costs less than the average? Give me theor first names and last names.,"SELECT DISTINCT T1.first_name ,  T1.last_name FROM Professionals AS T1 JOIN Treatments AS T2 WHERE cost_of_treatment  <  ( SELECT avg(cost_of_treatment) FROM Treatments )","SELECT DISTINCT T1.first_name, T1.last_name FROM Professionals AS T1 JOIN Treatments AS T2 ON T1.professional_id = T2.professional_id WHERE T2.cost_of_treatment < (SELECT avg(cost_of_treatment) FROM Treatments)",True,False,,wrong_join,wrong_join|wrong_value,same tables but different join conditions / number of table units; structure matches but execution result differs (literal values / LIMIT / DISTINCT)
dev_00950,dog_kennels,medium,"List each owner's first name, last name, and the size of his for her dog.","SELECT T1.first_name ,  T1.last_name ,  T2.size_code FROM Owners AS T1 JOIN Dogs AS T2 ON T1.owner_id  =  T2.owner_id","SELECT T1.first_name, T1.last_name, T2.name FROM Owners AS T1 JOIN Dogs AS T2 ON T1.owner_id = T2.owner_id",False,False,,schema_linking_error,schema_linking_error|wrong_column,used linked but wrong element(s): Dogs.name; missing columns: Dogs.size_code; extra columns: Dogs.name
dev_00951,dog_kennels,medium,"What are each owner's first name, last name, and the size of their dog?","SELECT T1.first_name ,  T1.last_name ,  T2.size_code FROM Owners AS T1 JOIN Dogs AS T2 ON T1.owner_id  =  T2.owner_id","SELECT T1.first_name, T1.last_name, T2.name, T2.name FROM Owners AS T1 JOIN Dogs AS T2 ON T1.owner_id = T2.owner_id",False,False,,schema_linking_error,schema_linking_error|wrong_column,used linked but wrong element(s): Dogs.name; missing columns: Dogs.size_code; extra columns: Dogs.name
dev_00954,dog_kennels,extra,List the names of the dogs of the rarest breed and the treatment dates of them.,"SELECT T1.name ,  T2.date_of_treatment FROM Dogs AS T1 JOIN Treatments AS T2 ON T1.dog_id  =  T2.dog_id WHERE T1.breed_code  =  ( SELECT breed_code FROM Dogs GROUP BY breed_code ORDER BY count(*) ASC LIMIT 1 )","SELECT T1.name, T3.breed_name FROM Dogs AS T1 JOIN Treatments AS T2 JOIN Breeds AS T3 ON T1.dog_id = T3.breed_code AND T1.breed_code = T3.breed_code ORDER BY T3.breed_name ASC LIMIT 1",False,False,,nested_query_error,nested_query_error|schema_linking_error|wrong_table|wrong_column|where_error|order_by_error,"nesting differs (gold sub-queries=1 set-ops=[]; pred sub-queries=0 set-ops=[]); used linked but wrong element(s): Breeds; tables gold=['Dogs', 'Treatments'] pred=['Breeds', 'Dogs', 'Treatments']; missing columns: Dogs.breed_code, Treatments.date_of_treatment; extra columns: Breeds.breed_name; WHERE conditions differ (operators / conjunctions / count); ORDER BY differs (gold none limit=None; pred ('asc', [(0, (0, 2, False), None)]) limit=1)"
dev_00955,dog_kennels,extra,Which dogs are of the rarest breed? Show their names and treatment dates.,"SELECT T1.name ,  T2.date_of_treatment FROM Dogs AS T1 JOIN Treatments AS T2 ON T1.dog_id  =  T2.dog_id WHERE T1.breed_code  =  ( SELECT breed_code FROM Dogs GROUP BY breed_code ORDER BY count(*) ASC LIMIT 1 )","SELECT T1.name, T3.breed_name FROM Dogs AS T1 JOIN Treatments AS T2 JOIN Breeds AS T3 ON T1.breed_code = T3.breed_code AND T1.breed_code = T3.breed_code GROUP BY T1.breed_code ORDER BY count(*) ASC LIMIT 1",False,False,,nested_query_error,nested_query_error|schema_linking_error|wrong_table|wrong_column|where_error|group_by_error|order_by_error,"nesting differs (gold sub-queries=1 set-ops=[]; pred sub-queries=0 set-ops=[]); used linked but wrong element(s): Breeds; tables gold=['Dogs', 'Treatments'] pred=['Breeds', 'Dogs', 'Treatments']; missing columns: Treatments.date_of_treatment; extra columns: Breeds.breed_name; WHERE conditions differ (operators / conjunctions / count); GROUP BY / HAVING differs; ORDER BY differs (gold none limit=None; pred ('asc', [(0, (3, 0, False), None)]) limit=1)"
dev_00958,dog_kennels,medium,What are the arriving date and the departing date of the dogs who have gone through a treatment?,"SELECT DISTINCT T1.date_arrived ,  T1.date_departed FROM Dogs AS T1 JOIN Treatments AS T2 ON T1.dog_id  =  T2.dog_id","SELECT T1.date_arrived, T1.date_departed FROM Dogs AS T1 JOIN Treatments AS T2 ON T1.dog_id = T2.dog_id",True,False,,wrong_value,wrong_value,structure matches but execution result differs (literal values / LIMIT / DISTINCT)
dev_00959,dog_kennels,medium,Find the arriving date and the departing date of the dogs that received a treatment.,"SELECT DISTINCT T1.date_arrived ,  T1.date_departed FROM Dogs AS T1 JOIN Treatments AS T2 ON T1.dog_id  =  T2.dog_id","SELECT T1.date_arrived, T1.date_departed FROM Dogs AS T1 JOIN Treatments AS T2 ON T1.dog_id = T2.dog_id",True,False,,wrong_value,wrong_value,structure matches but execution result differs (literal values / LIMIT / DISTINCT)
dev_00960,dog_kennels,extra,List the last name of the owner owning the youngest dog.,SELECT T1.last_name FROM Owners AS T1 JOIN Dogs AS T2 ON T1.owner_id  =  T2.owner_id WHERE T2.age  =  ( SELECT max(age) FROM Dogs ),SELECT T1.last_name FROM Owners AS T1 JOIN Dogs AS T2 ON T1.owner_id = T2.owner_id ORDER BY T2.date_of_birth DESC LIMIT 1,False,False,,nested_query_error,nested_query_error|wrong_join|wrong_column|where_error|order_by_error,"nesting differs (gold sub-queries=1 set-ops=[]; pred sub-queries=0 set-ops=[]); missing columns: Dogs.age; extra columns: Dogs.date_of_birth; same tables but different join conditions / number of table units; WHERE conditions differ (operators / conjunctions / count); ORDER BY differs (gold none limit=None; pred ('desc', [(0, (0, 27, False), None)]) limit=1)"
dev_00961,dog_kennels,extra,Who owns the youngest dog? Give me his or her last name.,SELECT T1.last_name FROM Owners AS T1 JOIN Dogs AS T2 ON T1.owner_id  =  T2.owner_id WHERE T2.age  =  ( SELECT max(age) FROM Dogs ),SELECT T1.last_name FROM Owners AS T1 JOIN Dogs AS T2 ON T1.owner_id = T2.owner_id ORDER BY T2.date_of_birth DESC LIMIT 1,False,False,,nested_query_error,nested_query_error|wrong_join|wrong_column|where_error|order_by_error,"nesting differs (gold sub-queries=1 set-ops=[]; pred sub-queries=0 set-ops=[]); missing columns: Dogs.age; extra columns: Dogs.date_of_birth; same tables but different join conditions / number of table units; WHERE conditions differ (operators / conjunctions / count); ORDER BY differs (gold none limit=None; pred ('desc', [(0, (0, 27, False), None)]) limit=1)"
dev_00965,dog_kennels,medium,List the arrival date and the departure date for all the dogs.,"SELECT date_arrived ,  date_departed FROM Dogs","SELECT date_arrived, date_arrived FROM Dogs",False,False,,wrong_column,wrong_column,missing columns: Dogs.date_departed
dev_00966,dog_kennels,easy,How many dogs went through any treatments?,SELECT count(DISTINCT dog_id) FROM Treatments,SELECT count(*) FROM Dogs,False,False,,schema_linking_error,schema_linking_error|wrong_table|wrong_column,missed linked gold element(s): Treatments (table link); used linked but wrong element(s): Dogs; tables gold=['Treatments'] pred=['Dogs']; missing columns: Treatments.dog_id
dev_00967,dog_kennels,easy,Count the number of dogs that went through a treatment.,SELECT count(DISTINCT dog_id) FROM Treatments,SELECT count(*) FROM Dogs,False,False,,schema_linking_error,schema_linking_error|wrong_table|wrong_column,missed linked gold element(s): Treatments (table link); used linked but wrong element(s): Dogs; tables gold=['Treatments'] pred=['Dogs']; missing columns: Treatments.dog_id
dev_00968,dog_kennels,easy,How many professionals have performed any treatment to dogs?,SELECT count(DISTINCT professional_id) FROM Treatments,SELECT count(*) FROM Treatments,False,False,,wrong_column,wrong_column,missing columns: Treatments.professional_id
dev_00970,dog_kennels,medium,"Which professionals live in a city containing the substring 'West'? List his or her role, street, city and state.","SELECT role_code ,  street ,  city ,  state FROM professionals WHERE city LIKE '%West%'","SELECT role_code, street, state FROM Professionals WHERE city LIKE '%West%'",False,False,,wrong_column,wrong_column,SELECT list differs (missing / extra / duplicated items)
dev_00971,dog_kennels,medium,"Find the role, street, city and state of the professionals living in a city that contains the substring 'West'.","SELECT role_code ,  street ,  city ,  state FROM professionals WHERE city LIKE '%West%'","SELECT role_code, street, state FROM Professionals WHERE city LIKE '%West%'",False,False,,wrong_column,wrong_column,SELECT list differs (missing / extra / duplicated items)
dev_00976,dog_kennels,medium,How much does the most recent treatment cost?,SELECT cost_of_treatment FROM Treatments ORDER BY date_of_treatment DESC LIMIT 1,SELECT min(cost_of_treatment) FROM Treatments ORDER BY date_of_treatment DESC LIMIT 1,False,False,,aggregation_error,aggregation_error,aggregation functions differ
dev_00977,dog_kennels,medium,Show me the cost of the most recently performed treatment.,SELECT cost_of_treatment FROM Treatments ORDER BY date_of_treatment DESC LIMIT 1,SELECT max(cost_of_treatment) FROM Treatments ORDER BY date_of_treatment DESC LIMIT 1,False,False,,aggregation_error,aggregation_error,aggregation functions differ
dev_00984,dog_kennels,medium,"List the dog name, age and weight of the dogs who have been abandoned? 1 stands for yes, and 0 stands for no.","SELECT name ,  age ,  weight FROM Dogs WHERE abandoned_yn  =  1","SELECT name, age, weight FROM Dogs WHERE abandoned_yn = 0",True,False,,wrong_value,wrong_value,structure matches but execution result differs (literal values / LIMIT / DISTINCT)
dev_00985,dog_kennels,medium,"What are the dog name, age and weight of the dogs that were abandoned? Note that 1 stands for yes, and 0 stands for no in the tables.","SELECT name ,  age ,  weight FROM Dogs WHERE abandoned_yn  =  1","SELECT name, age, weight FROM Dogs WHERE abandoned_yn = 0 INTERSECT SELECT name, age FROM Dogs WHERE abandoned_yn = 0",False,False,SELECTs to the left and right of INTERSECT do not have the same number of result columns,nested_query_error,nested_query_error|wrong_join|where_error,nesting differs (gold sub-queries=0 set-ops=[]; pred sub-queries=0 set-ops=['intersect']); same tables but different join conditions / number of table units; WHERE conditions differ (operators / conjunctions / count)
dev_00990,dog_kennels,medium,How much does each charge type costs? List both charge type and amount.,"SELECT charge_type ,  charge_amount FROM Charges","SELECT charge_type, sum(charge_amount) FROM Charges GROUP BY charge_type",False,True,,wrong_column,wrong_column|group_by_error,SELECT list differs (missing / extra / duplicated items); GROUP BY / HAVING differs
dev_00992,dog_kennels,easy,How much does the most expensive charge type costs?,SELECT max(charge_amount) FROM Charges,SELECT charge_type FROM Charges GROUP BY charge_type ORDER BY sum(charge_amount) DESC LIMIT 1,False,False,,schema_linking_error,schema_linking_error|wrong_column|group_by_error|order_by_error,"used linked but wrong element(s): Charges.charge_type; extra columns: Charges.charge_type; GROUP BY / HAVING differs; ORDER BY differs (gold none limit=None; pred ('desc', [(0, (4, 5, False), None)]) limit=1)"
dev_00993,dog_kennels,easy,What is the charge amount of the most expensive charge type?,SELECT max(charge_amount) FROM Charges,SELECT charge_type FROM Charges GROUP BY charge_type ORDER BY count(*) DESC LIMIT 1,False,False,,schema_linking_error,schema_linking_error|wrong_column|group_by_error|order_by_error,"missed linked gold element(s): Charges.charge_amount (link EM); used linked but wrong element(s): Charges.charge_type; missing columns: Charges.charge_amount; extra columns: Charges.charge_type; GROUP BY / HAVING differs; ORDER BY differs (gold none limit=None; pred ('desc', [(0, (3, 0, False), None)]) limit=1)"
dev_00996,dog_kennels,medium,What are all the possible breed type and size type combinations?,"SELECT DISTINCT breed_code ,  size_code FROM dogs","SELECT T3.breed_name, T3.breed_name FROM Sizes AS T1 JOIN Dogs AS T2 JOIN Breeds AS T3 ON T3.breed_code = T2.size_code AND T2.breed_code = T3.breed_code",False,False,,schema_linking_error,schema_linking_error|wrong_table|wrong_column,"used linked but wrong element(s): Breeds; tables gold=['Dogs'] pred=['Breeds', 'Dogs', 'Sizes']; missing columns: Dogs.breed_code, Dogs.size_code; extra columns: Breeds.breed_name"
dev_00997,dog_kennels,medium,Find the distinct breed type and size type combinations for dogs.,"SELECT DISTINCT breed_code ,  size_code FROM dogs","SELECT DISTINCT T2.breed_name, T1.size_code FROM Dogs AS T1 JOIN Breeds AS T2 ON T1.breed_code = T1.dog_id",False,False,,schema_linking_error,schema_linking_error|wrong_table|wrong_column,"used linked but wrong element(s): Breeds; tables gold=['Dogs'] pred=['Breeds', 'Dogs']; missing columns: Dogs.breed_code; extra columns: Breeds.breed_name"
dev_00998,dog_kennels,medium,List the first name of all the professionals along with the description of the treatment they have done.,"SELECT DISTINCT T1.first_name ,  T3.treatment_type_description FROM professionals AS T1 JOIN Treatments AS T2 ON T1.professional_id  =  T2.professional_id JOIN Treatment_types AS T3 ON T2.treatment_type_code  =  T3.treatment_type_code","SELECT T1.first_name, T1.last_name FROM Professionals AS T1 JOIN Treatments AS T2 ON T1.professional_id = T2.professional_id",False,False,,wrong_table,wrong_table|wrong_column,"tables gold=['Professionals', 'Treatment_Types', 'Treatments'] pred=['Professionals', 'Treatments']; missing columns: Treatment_Types.treatment_type_description; extra columns: Professionals.last_name"
dev_00999,dog_kennels,medium,What are each professional's first name and description of the treatment they have performed?,"SELECT DISTINCT T1.first_name ,  T3.treatment_type_description FROM professionals AS T1 JOIN Treatments AS T2 ON T1.professional_id  =  T2.professional_id JOIN Treatment_types AS T3 ON T2.treatment_type_code  =  T3.treatment_type_code","SELECT T1.first_name, T1.role_code FROM Professionals AS T1 JOIN Treatments AS T2 ON T1.professional_id = T2.professional_id",False,False,,wrong_table,wrong_table|wrong_column,"tables gold=['Professionals', 'Treatment_Types', 'Treatments'] pred=['Professionals', 'Treatments']; missing columns: Treatment_Types.treatment_type_description; extra columns: Professionals.role_code"
dev_01007,singer,easy,What are the names of the singers who are not French citizens?,"SELECT Name FROM singer WHERE Citizenship != ""France""",SELECT Name FROM singer WHERE Citizenship NOT LIKE 'value',False,False,,where_error,where_error,WHERE conditions differ (operators / conjunctions / count)
dev_01016,singer,medium,Show different citizenships and the maximum net worth of singers of each citizenship.,"SELECT Citizenship ,  max(Net_Worth_Millions) FROM singer GROUP BY Citizenship","SELECT Citizenship, avg(Net_Worth_Millions) FROM singer GROUP BY Citizenship",False,False,,aggregation_error,aggregation_error,aggregation functions differ
dev_01022,singer,medium,Show the names of singers that have more than one song.,SELECT T1.Name FROM singer AS T1 JOIN song AS T2 ON T1.Singer_ID  =  T2.Singer_ID GROUP BY T1.Name HAVING COUNT(*)  >  1,SELECT T1.Name FROM singer AS T1 JOIN song AS T2 ON T1.Singer_ID = T2.Singer_ID GROUP BY T2.Singer_ID HAVING count(*) > 1,False,True,,wrong_column,wrong_column|group_by_error,extra columns: song.Singer_ID; GROUP BY / HAVING differs
dev_01023,singer,medium,What are the names of the singers that have more than one songs?,SELECT T1.Name FROM singer AS T1 JOIN song AS T2 ON T1.Singer_ID  =  T2.Singer_ID GROUP BY T1.Name HAVING COUNT(*)  >  1,SELECT T1.Name FROM singer AS T1 JOIN song AS T2 ON T1.Singer_ID = T2.Singer_ID GROUP BY T2.Singer_ID HAVING count(*) > 1,False,True,,wrong_column,wrong_column|group_by_error,extra columns: song.Singer_ID; GROUP BY / HAVING differs
dev_01028,singer,hard,Show the citizenship shared by singers with birth year before 1945 and after 1955.,SELECT Citizenship FROM singer WHERE Birth_Year  <  1945 INTERSECT SELECT Citizenship FROM singer WHERE Birth_Year  >  1955,SELECT Citizenship FROM singer WHERE Birth_Year < 1945 INTERSECT SELECT Citizenship FROM singer WHERE Birth_Year < 1955,False,False,,where_error,where_error,WHERE conditions differ (operators / conjunctions / count)
dev_01029,singer,hard,What are the citizenships that are shared by singers with a birth year before 1945 and after 1955?,SELECT Citizenship FROM singer WHERE Birth_Year  <  1945 INTERSECT SELECT Citizenship FROM singer WHERE Birth_Year  >  1955,SELECT Citizenship FROM singer WHERE Birth_Year < 1945 INTERSECT SELECT Citizenship FROM singer WHERE Birth_Year < 1955,False,False,,where_error,where_error,WHERE conditions differ (operators / conjunctions / count)
dev_01032,real_estate_properties,medium,Show the property type descriptions of properties belonging to that code.,SELECT T2.property_type_description FROM Properties AS T1 JOIN Ref_Property_Types AS T2 ON T1.property_type_code  =  T2.property_type_code GROUP BY T1.property_type_code,SELECT DISTINCT T1.property_type_description FROM Ref_Property_Types AS T1 JOIN Properties AS T2 ON T1.property_type_code = T2.property_type_code,False,True,,wrong_column,wrong_column|group_by_error,missing columns: Properties.property_type_code; GROUP BY / HAVING differs
dev_01033,real_estate_properties,hard,What are the names of properties that are either houses or apartments with more than 1 room?,"SELECT property_name FROM Properties WHERE property_type_code  =  ""House"" UNION SELECT property_name FROM Properties WHERE property_type_code  =  ""Apartment"" AND room_count  >  1",SELECT property_name FROM Properties WHERE property_type_code = 'House' OR room_count > 1,False,False,,nested_query_error,nested_query_error|wrong_join|where_error,nesting differs (gold sub-queries=0 set-ops=['union']; pred sub-queries=0 set-ops=[]); same tables but different join conditions / number of table units; WHERE conditions differ (operators / conjunctions / count)
